{
  "iteration": 66,
  "timestamp": "2026-04-11T10:14:13.345339",
  "git_hash": "88e6951",
  "hypothesis": "EMA-weighted rolling mean emphasizes recent days over older days in window.",
  "change_summary": "EMA-weighted mean in rolling window (replaces uniform mean)",
  "classification": {
    "xgboost": {
      "accuracy": 0.6985915492957746,
      "f1_macro": 0.6516271636709494,
      "per_class_f1": [
        0.8128342245989305,
        0.6390532544378699,
        0.5029940119760479
      ],
      "per_class_precision": [
        0.7916666666666666,
        0.675,
        0.5060240963855421
      ],
      "per_class_recall": [
        0.8351648351648352,
        0.6067415730337079,
        0.5
      ],
      "confusion_matrix": [
        [
          152,
          9,
          21
        ],
        [
          15,
          54,
          20
        ],
        [
          25,
          17,
          42
        ]
      ]
    },
    "gru": {
      "accuracy": 0.6676056338028169,
      "f1_macro": 0.5932321005084882,
      "per_class_f1": [
        0.8524590163934426,
        0.42962962962962964,
        0.49760765550239233
      ],
      "per_class_precision": [
        0.8478260869565217,
        0.6304347826086957,
        0.416
      ],
      "per_class_recall": [
        0.8571428571428571,
        0.3258426966292135,
        0.6190476190476191
      ],
      "confusion_matrix": [
        [
          156,
          3,
          23
        ],
        [
          10,
          29,
          50
        ],
        [
          18,
          14,
          52
        ]
      ]
    }
  },
  "regression": {
    "gb": {
      "mse": 0.28520620015145076,
      "rmse": 0.5340470018186141,
      "mae": 0.36006828213569253,
      "r2": 0.45097489391874857
    },
    "gru": {
      "mse": 0.25062450766563416,
      "rmse": 0.5006241181421788,
      "mae": 0.3401634097099304,
      "r2": 0.5175449848175049
    }
  },
  "baselines": {},
  "n_features": 96,
  "n_train_samples": 1610,
  "n_test_samples": 355,
  "pipeline_config": {
    "iteration": 66,
    "seed": 42,
    "outlier_method": "iqr",
    "iqr_multiplier": 3.0,
    "imputation_method": "linear",
    "max_gap_days": null,
    "log_transform_durations": false,
    "window_sizes": [
      7
    ],
    "n_lags": 5,
    "agg_functions": [
      "mean",
      "std",
      "min",
      "max",
      "trend"
    ],
    "include_volatility": true,
    "include_interactions": true,
    "include_ema": false,
    "include_day_changes": false,
    "include_ratios": false,
    "include_autocorrelation": false,
    "ema_weighted_agg": true,
    "patient_normalize": false,
    "log_transform_before_agg": true,
    "tabular_cls": "xgboost",
    "tabular_reg": "gb",
    "temporal": "gru",
    "temporal_params": null,
    "cls_class_weight": false,
    "reg_loss": null,
    "split_method": "leave_patients_out",
    "test_fraction": 0.2,
    "n_train": 1610,
    "n_test": 355,
    "n_features": 96
  },
  "q33": 7.0,
  "q66": 7.4,
  "feature_cols": [
    "activity_mean",
    "activity_std",
    "activity_min",
    "activity_max",
    "activity_trend",
    "circumplex.arousal_mean",
    "circumplex.arousal_std",
    "circumplex.arousal_min",
    "circumplex.arousal_max",
    "circumplex.arousal_trend",
    "circumplex.valence_mean",
    "circumplex.valence_std",
    "circumplex.valence_min",
    "circumplex.valence_max",
    "circumplex.valence_trend",
    "mood_mean",
    "mood_std",
    "mood_min",
    "mood_max",
    "mood_trend"
  ],
  "cls_importances_top10": [
    0.005954118445515633,
    0.006899807136505842,
    0.005602581892162561,
    0.007489659823477268,
    0.0063786739483475685,
    0.006157265976071358,
    0.008954068645834923,
    0.006463728379458189,
    0.006699630990624428,
    0.0057352459989488125
  ],
  "reg_importances_top10": [
    0.0010939483637194961,
    0.0037228638167878044,
    0.006835196136256705,
    0.00036820639571610945,
    0.0030988275776705865,
    0.0005828210496823285,
    0.00017049827623792814,
    0.003969094989997074,
    0.0017935291480050469,
    0.004807183203910676
  ]
}