{
  "iteration": 145,
  "timestamp": "2026-04-11T14:39:41.871561",
  "git_hash": "88e6951",
  "hypothesis": "CV = std/mean captures relative variability (scale-free) that absolute std misses.",
  "change_summary": "Add coefficient of variation features for top 8 variables",
  "classification": {
    "xgboost": {
      "accuracy": 0.7295774647887324,
      "f1_macro": 0.6853402017200175,
      "per_class_f1": [
        0.8501362397820164,
        0.6329113924050633,
        0.572972972972973
      ],
      "per_class_precision": [
        0.8432432432432433,
        0.7246376811594203,
        0.5247524752475248
      ],
      "per_class_recall": [
        0.8571428571428571,
        0.5617977528089888,
        0.6309523809523809
      ],
      "confusion_matrix": [
        [
          156,
          6,
          20
        ],
        [
          11,
          50,
          28
        ],
        [
          18,
          13,
          53
        ]
      ]
    },
    "gru": {
      "accuracy": 0.6676056338028169,
      "f1_macro": 0.5932321005084882,
      "per_class_f1": [
        0.8524590163934426,
        0.42962962962962964,
        0.49760765550239233
      ],
      "per_class_precision": [
        0.8478260869565217,
        0.6304347826086957,
        0.416
      ],
      "per_class_recall": [
        0.8571428571428571,
        0.3258426966292135,
        0.6190476190476191
      ],
      "confusion_matrix": [
        [
          156,
          3,
          23
        ],
        [
          10,
          29,
          50
        ],
        [
          18,
          14,
          52
        ]
      ]
    }
  },
  "regression": {
    "gb": {
      "mse": 0.27080184860408074,
      "rmse": 0.520386249437935,
      "mae": 0.34886366002691405,
      "r2": 0.478703430788308
    },
    "gru": {
      "mse": 0.25062450766563416,
      "rmse": 0.5006241181421788,
      "mae": 0.3401634097099304,
      "r2": 0.5175449848175049
    }
  },
  "baselines": {},
  "n_features": 103,
  "n_train_samples": 1610,
  "n_test_samples": 355,
  "pipeline_config": {
    "iteration": 145,
    "seed": 42,
    "outlier_method": "iqr",
    "iqr_multiplier": 3.0,
    "imputation_method": "linear",
    "max_gap_days": null,
    "log_transform_durations": false,
    "window_sizes": [
      7
    ],
    "n_lags": 5,
    "agg_functions": [
      "mean",
      "std",
      "min",
      "max",
      "trend"
    ],
    "include_volatility": true,
    "include_interactions": true,
    "include_ema": false,
    "include_day_changes": false,
    "include_ratios": false,
    "include_autocorrelation": false,
    "ema_weighted_agg": false,
    "patient_normalize": false,
    "log_transform_before_agg": true,
    "tabular_cls": "xgboost",
    "tabular_reg": "gb",
    "temporal": "gru",
    "temporal_params": null,
    "cls_class_weight": false,
    "reg_loss": null,
    "n_classes": 3,
    "split_method": "leave_patients_out",
    "test_fraction": 0.2,
    "n_train": 1610,
    "n_test": 355,
    "n_features": 103
  },
  "q33": 7.0,
  "q66": 7.4,
  "feature_cols": [
    "activity_mean",
    "activity_std",
    "activity_min",
    "activity_max",
    "activity_trend",
    "circumplex.arousal_mean",
    "circumplex.arousal_std",
    "circumplex.arousal_min",
    "circumplex.arousal_max",
    "circumplex.arousal_trend",
    "circumplex.valence_mean",
    "circumplex.valence_std",
    "circumplex.valence_min",
    "circumplex.valence_max",
    "circumplex.valence_trend",
    "mood_mean",
    "mood_std",
    "mood_min",
    "mood_max",
    "mood_trend"
  ],
  "cls_importances_top10": [
    0.007125324569642544,
    0.005958531517535448,
    0.0063187903724610806,
    0.0068682534620165825,
    0.004545416682958603,
    0.006812728941440582,
    0.0088883675634861,
    0.0054956963285803795,
    0.004744125530123711,
    0.005313667003065348
  ],
  "reg_importances_top10": [
    0.0007948786565781871,
    0.004550103748431224,
    0.008328684069929983,
    0.0007561301494726156,
    0.0012942051065565267,
    0.004224553041659149,
    0.002356738504770819,
    0.00028219265838627574,
    0.0029444835567998657,
    0.0014334542986133147
  ]
}