{
  "iteration": 99,
  "timestamp": "2026-04-11T11:39:07.174737",
  "git_hash": "88e6951",
  "hypothesis": "Decision tree (from Lecture 2) is interpretable and can be visualized for the report.",
  "change_summary": "Decision tree classifier + decision tree regressor",
  "classification": {
    "decision_tree": {
      "accuracy": 0.6309859154929578,
      "f1_macro": 0.5384254717176807,
      "per_class_f1": [
        0.7612293144208038,
        0.5153374233128835,
        0.3387096774193548
      ],
      "per_class_precision": [
        0.6680497925311203,
        0.5675675675675675,
        0.525
      ],
      "per_class_recall": [
        0.8846153846153846,
        0.47191011235955055,
        0.25
      ],
      "confusion_matrix": [
        [
          161,
          15,
          6
        ],
        [
          34,
          42,
          13
        ],
        [
          46,
          17,
          21
        ]
      ]
    },
    "gru": {
      "accuracy": 0.6676056338028169,
      "f1_macro": 0.5932321005084882,
      "per_class_f1": [
        0.8524590163934426,
        0.42962962962962964,
        0.49760765550239233
      ],
      "per_class_precision": [
        0.8478260869565217,
        0.6304347826086957,
        0.416
      ],
      "per_class_recall": [
        0.8571428571428571,
        0.3258426966292135,
        0.6190476190476191
      ],
      "confusion_matrix": [
        [
          156,
          3,
          23
        ],
        [
          10,
          29,
          50
        ],
        [
          18,
          14,
          52
        ]
      ]
    }
  },
  "regression": {
    "decision_tree": {
      "mse": 0.3188954502998128,
      "rmse": 0.5647082877909734,
      "mae": 0.40070304667795714,
      "r2": 0.38612271284175803
    },
    "gru": {
      "mse": 0.25062450766563416,
      "rmse": 0.5006241181421788,
      "mae": 0.3401634097099304,
      "r2": 0.5175449848175049
    }
  },
  "baselines": {},
  "n_features": 96,
  "n_train_samples": 1610,
  "n_test_samples": 355,
  "pipeline_config": {
    "iteration": 99,
    "seed": 42,
    "outlier_method": "iqr",
    "iqr_multiplier": 3.0,
    "imputation_method": "linear",
    "max_gap_days": null,
    "log_transform_durations": false,
    "window_sizes": [
      7
    ],
    "n_lags": 5,
    "agg_functions": [
      "mean",
      "std",
      "min",
      "max",
      "trend"
    ],
    "include_volatility": true,
    "include_interactions": true,
    "include_ema": false,
    "include_day_changes": false,
    "include_ratios": false,
    "include_autocorrelation": false,
    "ema_weighted_agg": false,
    "patient_normalize": false,
    "log_transform_before_agg": true,
    "tabular_cls": "decision_tree",
    "tabular_reg": "decision_tree",
    "temporal": "gru",
    "temporal_params": null,
    "cls_class_weight": false,
    "reg_loss": null,
    "n_classes": 3,
    "split_method": "leave_patients_out",
    "test_fraction": 0.2,
    "n_train": 1610,
    "n_test": 355,
    "n_features": 96
  },
  "q33": 7.0,
  "q66": 7.4,
  "feature_cols": [
    "activity_mean",
    "activity_std",
    "activity_min",
    "activity_max",
    "activity_trend",
    "circumplex.arousal_mean",
    "circumplex.arousal_std",
    "circumplex.arousal_min",
    "circumplex.arousal_max",
    "circumplex.arousal_trend",
    "circumplex.valence_mean",
    "circumplex.valence_std",
    "circumplex.valence_min",
    "circumplex.valence_max",
    "circumplex.valence_trend",
    "mood_mean",
    "mood_std",
    "mood_min",
    "mood_max",
    "mood_trend"
  ],
  "cls_importances_top10": [
    0.0,
    0.008044526768151724,
    0.0020144600253090197,
    0.010643580944550307,
    0.0,
    0.0,
    0.010722965124094463,
    0.0,
    0.0,
    0.0
  ],
  "reg_importances_top10": [
    0.0,
    0.0,
    0.0,
    0.0,
    0.0,
    0.0,
    0.0,
    0.0,
    0.0,
    0.0
  ]
}