{
  "iteration": 153,
  "timestamp": "2026-04-15T21:44:42.051970",
  "git_hash": "7988b2a",
  "hypothesis": "Merging appCat.other and appCat.unknown reduces noise from two semantically identical sparse categories.",
  "change_summary": "appCat.other + appCat.unknown merged into appCat.other",
  "classification": {
    "xgboost": {
      "accuracy": 0.7408450704225352,
      "f1_macro": 0.69626931327259,
      "per_class_f1": [
        0.8525469168900804,
        0.6419753086419753,
        0.5942857142857143
      ],
      "per_class_precision": [
        0.8324607329842932,
        0.7123287671232876,
        0.5714285714285714
      ],
      "per_class_recall": [
        0.8736263736263736,
        0.5842696629213483,
        0.6190476190476191
      ],
      "confusion_matrix": [
        [
          159,
          8,
          15
        ],
        [
          13,
          52,
          24
        ],
        [
          19,
          13,
          52
        ]
      ]
    },
    "gru": {
      "accuracy": 0.6676056338028169,
      "f1_macro": 0.5932321005084882,
      "per_class_f1": [
        0.8524590163934426,
        0.42962962962962964,
        0.49760765550239233
      ],
      "per_class_precision": [
        0.8478260869565217,
        0.6304347826086957,
        0.416
      ],
      "per_class_recall": [
        0.8571428571428571,
        0.3258426966292135,
        0.6190476190476191
      ],
      "confusion_matrix": [
        [
          156,
          3,
          23
        ],
        [
          10,
          29,
          50
        ],
        [
          18,
          14,
          52
        ]
      ]
    }
  },
  "regression": {
    "gb": {
      "mse": 0.26348006660980927,
      "rmse": 0.5133030942920657,
      "mae": 0.3398298037452404,
      "r2": 0.492797942527443
    },
    "gru": {
      "mse": 0.25062450766563416,
      "rmse": 0.5006241181421788,
      "mae": 0.3401634097099304,
      "r2": 0.5175449848175049
    }
  },
  "baselines": {},
  "n_features": 96,
  "n_train_samples": 1610,
  "n_test_samples": 355,
  "pipeline_config": {
    "iteration": 153,
    "seed": 42,
    "outlier_method": "iqr",
    "iqr_multiplier": 3.0,
    "imputation_method": "linear",
    "max_gap_days": null,
    "log_transform_durations": false,
    "window_sizes": [
      7
    ],
    "n_lags": 5,
    "agg_functions": [
      "mean",
      "std",
      "min",
      "max",
      "trend"
    ],
    "include_volatility": true,
    "include_interactions": true,
    "include_ema": false,
    "include_day_changes": false,
    "include_ratios": false,
    "include_autocorrelation": false,
    "ema_weighted_agg": false,
    "patient_normalize": false,
    "log_transform_before_agg": true,
    "tabular_cls": "xgboost",
    "tabular_reg": "gb",
    "temporal": "gru",
    "temporal_params": null,
    "cls_class_weight": false,
    "reg_loss": null,
    "n_classes": 3,
    "split_method": "leave_patients_out",
    "test_fraction": 0.2,
    "n_train": 1610,
    "n_test": 355,
    "n_features": 96
  },
  "q33": 7.0,
  "q66": 7.4,
  "feature_cols": [
    "activity_mean",
    "activity_std",
    "activity_min",
    "activity_max",
    "activity_trend",
    "circumplex.arousal_mean",
    "circumplex.arousal_std",
    "circumplex.arousal_min",
    "circumplex.arousal_max",
    "circumplex.arousal_trend",
    "circumplex.valence_mean",
    "circumplex.valence_std",
    "circumplex.valence_min",
    "circumplex.valence_max",
    "circumplex.valence_trend",
    "mood_mean",
    "mood_std",
    "mood_min",
    "mood_max",
    "mood_trend"
  ],
  "cls_importances_top10": [
    0.006639288272708654,
    0.007583446800708771,
    0.005971696227788925,
    0.008111868053674698,
    0.006242445204406977,
    0.007468193303793669,
    0.009374088607728481,
    0.003573827212676406,
    0.0046545700170099735,
    0.006432061083614826
  ],
  "reg_importances_top10": [
    0.00011884608124543846,
    0.0037860424722696096,
    0.008460069016700772,
    0.0005477740383740119,
    0.0014501654063094113,
    0.004984187551791744,
    0.001237581463349409,
    0.0,
    0.002211991213296167,
    0.0026870855576368283
  ]
}