{
  "iteration": 69,
  "timestamp": "2026-04-11T10:19:19.997441",
  "git_hash": "88e6951",
  "hypothesis": "EMA features (span 3 and 7) for mood/activity/screen capture recent trends better.",
  "change_summary": "Added EMA features (mood_ema3, mood_ema7, activity_ema3, etc.)",
  "classification": {
    "xgboost": {
      "accuracy": 0.7352112676056338,
      "f1_macro": 0.6896507575539661,
      "per_class_f1": [
        0.8517520215633423,
        0.6296296296296297,
        0.5875706214689266
      ],
      "per_class_precision": [
        0.8359788359788359,
        0.6986301369863014,
        0.5591397849462365
      ],
      "per_class_recall": [
        0.8681318681318682,
        0.5730337078651685,
        0.6190476190476191
      ],
      "confusion_matrix": [
        [
          158,
          9,
          15
        ],
        [
          12,
          51,
          26
        ],
        [
          19,
          13,
          52
        ]
      ]
    },
    "gru": {
      "accuracy": 0.6676056338028169,
      "f1_macro": 0.5932321005084882,
      "per_class_f1": [
        0.8524590163934426,
        0.42962962962962964,
        0.49760765550239233
      ],
      "per_class_precision": [
        0.8478260869565217,
        0.6304347826086957,
        0.416
      ],
      "per_class_recall": [
        0.8571428571428571,
        0.3258426966292135,
        0.6190476190476191
      ],
      "confusion_matrix": [
        [
          156,
          3,
          23
        ],
        [
          10,
          29,
          50
        ],
        [
          18,
          14,
          52
        ]
      ]
    }
  },
  "regression": {
    "gb": {
      "mse": 0.26631727419297546,
      "rmse": 0.5160593708024063,
      "mae": 0.33934430168694696,
      "r2": 0.4873362863870956
    },
    "gru": {
      "mse": 0.25062450766563416,
      "rmse": 0.5006241181421788,
      "mae": 0.3401634097099304,
      "r2": 0.5175449848175049
    }
  },
  "baselines": {},
  "n_features": 102,
  "n_train_samples": 1610,
  "n_test_samples": 355,
  "pipeline_config": {
    "iteration": 69,
    "seed": 42,
    "outlier_method": "iqr",
    "iqr_multiplier": 3.0,
    "imputation_method": "linear",
    "max_gap_days": null,
    "log_transform_durations": false,
    "window_sizes": [
      7
    ],
    "n_lags": 5,
    "agg_functions": [
      "mean",
      "std",
      "min",
      "max",
      "trend"
    ],
    "include_volatility": true,
    "include_interactions": true,
    "include_ema": true,
    "include_day_changes": false,
    "include_ratios": false,
    "include_autocorrelation": false,
    "ema_weighted_agg": false,
    "patient_normalize": false,
    "log_transform_before_agg": true,
    "tabular_cls": "xgboost",
    "tabular_reg": "gb",
    "temporal": "gru",
    "temporal_params": null,
    "cls_class_weight": false,
    "reg_loss": null,
    "split_method": "leave_patients_out",
    "test_fraction": 0.2,
    "n_train": 1610,
    "n_test": 355,
    "n_features": 102
  },
  "q33": 7.0,
  "q66": 7.4,
  "feature_cols": [
    "activity_mean",
    "activity_std",
    "activity_min",
    "activity_max",
    "activity_trend",
    "circumplex.arousal_mean",
    "circumplex.arousal_std",
    "circumplex.arousal_min",
    "circumplex.arousal_max",
    "circumplex.arousal_trend",
    "circumplex.valence_mean",
    "circumplex.valence_std",
    "circumplex.valence_min",
    "circumplex.valence_max",
    "circumplex.valence_trend",
    "mood_mean",
    "mood_std",
    "mood_min",
    "mood_max",
    "mood_trend"
  ],
  "cls_importances_top10": [
    0.0076253823935985565,
    0.006822952535003424,
    0.005898008588701487,
    0.0067259157076478004,
    0.004363718908280134,
    0.005478387698531151,
    0.011946020647883415,
    0.0042639062739908695,
    0.0053930035792291164,
    0.004940402694046497
  ],
  "reg_importances_top10": [
    0.0007380065434930775,
    0.003627593532664397,
    0.004467539541353865,
    0.00035330057839828464,
    0.0030486202328208877,
    0.004743585265674969,
    0.00020037210348096624,
    0.0,
    0.0009734115391331047,
    0.00187593418533265
  ]
}