{
  "iteration": 39,
  "timestamp": "2026-04-10T23:27:27.672846",
  "git_hash": "f611091",
  "hypothesis": "Linear interpolation + leave-patients-out was good for GRU (iter_23). Try linear for everything.",
  "change_summary": "Linear interp + leave-patients-out + all best features. Optimize for temporal.",
  "classification": {
    "xgboost": {
      "accuracy": 0.7154929577464789,
      "f1_macro": 0.6683274102618997,
      "per_class_f1": [
        0.832,
        0.6296296296296297,
        0.5433526011560693
      ],
      "per_class_precision": [
        0.8082901554404145,
        0.6986301369863014,
        0.5280898876404494
      ],
      "per_class_recall": [
        0.8571428571428571,
        0.5730337078651685,
        0.5595238095238095
      ],
      "confusion_matrix": [
        [
          156,
          9,
          17
        ],
        [
          13,
          51,
          25
        ],
        [
          24,
          13,
          47
        ]
      ]
    },
    "gru": {
      "accuracy": 0.5887323943661972,
      "f1_macro": 0.49589987209806274,
      "per_class_f1": [
        0.7735368956743003,
        0.34782608695652173,
        0.36633663366336633
      ],
      "per_class_precision": [
        0.7203791469194313,
        0.7692307692307693,
        0.3135593220338983
      ],
      "per_class_recall": [
        0.8351648351648352,
        0.2247191011235955,
        0.44047619047619047
      ],
      "confusion_matrix": [
        [
          152,
          1,
          29
        ],
        [
          17,
          20,
          52
        ],
        [
          42,
          5,
          37
        ]
      ]
    }
  },
  "regression": {
    "gb": {
      "mse": 0.30245809451688843,
      "rmse": 0.5499619027868098,
      "mae": 0.3929724719096503,
      "r2": 0.417764805466754
    },
    "gru": {
      "mse": 0.2885533571243286,
      "rmse": 0.5371716272517831,
      "mae": 0.39845365285873413,
      "r2": 0.44453155994415283
    }
  },
  "baselines": {},
  "n_features": 109,
  "n_train_samples": 1610,
  "n_test_samples": 355,
  "pipeline_config": {
    "iteration": 39,
    "seed": 42,
    "outlier_method": "iqr",
    "iqr_multiplier": 3.0,
    "imputation_method": "linear",
    "max_gap_days": null,
    "log_transform_durations": false,
    "window_sizes": [
      7
    ],
    "n_lags": 5,
    "agg_functions": [
      "mean",
      "std",
      "min",
      "max",
      "trend"
    ],
    "include_volatility": true,
    "include_interactions": true,
    "patient_normalize": false,
    "log_transform_before_agg": false,
    "tabular_cls": "xgboost",
    "tabular_reg": "gb",
    "temporal": "gru",
    "split_method": "leave_patients_out",
    "test_fraction": 0.2,
    "n_train": 1610,
    "n_test": 355,
    "n_features": 109
  },
  "q33": 7.0,
  "q66": 7.4,
  "feature_cols": [
    "activity_mean",
    "activity_std",
    "activity_min",
    "activity_max",
    "activity_trend",
    "circumplex.arousal_mean",
    "circumplex.arousal_std",
    "circumplex.arousal_min",
    "circumplex.arousal_max",
    "circumplex.arousal_trend",
    "circumplex.valence_mean",
    "circumplex.valence_std",
    "circumplex.valence_min",
    "circumplex.valence_max",
    "circumplex.valence_trend",
    "mood_mean",
    "mood_std",
    "mood_min",
    "mood_max",
    "mood_trend"
  ],
  "cls_importances_top10": [
    0.00877395924180746,
    0.010945582762360573,
    0.006023543421179056,
    0.00628729397431016,
    0.00473253708332777,
    0.006266769487410784,
    0.01156877726316452,
    0.004958712495863438,
    0.0038391060661524534,
    0.005881646182388067
  ],
  "reg_importances_top10": [
    0.00028970147380078014,
    0.0027398941884308535,
    0.019165447468450142,
    0.0001226222821410954,
    0.0003946316762490432,
    0.00279800607788086,
    0.001132342048008785,
    0.0006497087315776027,
    0.004690234115896387,
    0.0006591323840020159
  ]
}