{
  "iteration": 16,
  "timestamp": "2026-04-10T22:26:09.085713",
  "git_hash": "6ca9384",
  "hypothesis": "Multiple test windows reduce noise from small test set, giving more reliable metrics.",
  "change_summary": "split_method='sliding_window'. Multiple train/test windows averaged.",
  "classification": {
    "xgboost": {
      "f1_macro": 0.5047457466605934,
      "f1_std": 0.03853893589168663,
      "accuracy": 0.5047457466605934,
      "per_class_f1": [
        0.4960949497608705,
        0.46068170858086827,
        0.5766986636551854,
        0.49999999999999994,
        0.49025341130604283
      ]
    },
    "gru": {
      "accuracy": 0.48,
      "f1_macro": 0.4564278144615635,
      "per_class_f1": [
        0.5531914893617021,
        0.4827586206896552,
        0.3333333333333333
      ],
      "per_class_precision": [
        0.5,
        0.6363636363636364,
        0.3076923076923077
      ],
      "per_class_recall": [
        0.6190476190476191,
        0.3888888888888889,
        0.36363636363636365
      ],
      "confusion_matrix": [
        [
          13,
          3,
          5
        ],
        [
          7,
          7,
          4
        ],
        [
          6,
          1,
          4
        ]
      ]
    }
  },
  "regression": {
    "gb": {
      "r2": 0.1376359558481263,
      "r2_std": 0.176012432171264,
      "rmse": 0,
      "mae": 0,
      "mse": 0
    },
    "gru": {
      "mse": 0.4244823753833771,
      "rmse": 0.6515231196077212,
      "mae": 0.5024293661117554,
      "r2": 0.0059798359870910645
    }
  },
  "baselines": {},
  "n_features": 107,
  "n_train_samples": 0,
  "n_test_samples": 0,
  "sliding_window_splits": 5,
  "cls_f1_per_split": [
    0.4960949497608705,
    0.46068170858086827,
    0.5766986636551854,
    0.49999999999999994,
    0.49025341130604283
  ],
  "reg_r2_per_split": [
    0.20190859601193378,
    -0.11233124784584758,
    0.3564538423948387,
    0.2622434507824152,
    -0.02009486210270861
  ]
}