{
  "iteration": 0,
  "timestamp": "2026-04-10T21:18:04.840414",
  "git_hash": "1e9ea66",
  "hypothesis": "A clean re-implementation with correct methodology (GroupKFold, train-only terciles,\nraw daily features for LSTM, early stopping) will establish a fair baseline and likely\noutperform the original notebooks_C LSTM results (which were misconfigured).",
  "change_summary": "s vs Original notebooks_C\n1. Tercile thresholds computed on training data only (was: full dataset -- data leakage)\n2. GroupKFold(groups=patient_id) for CV (was: TimeSeriesSplit -- wrong for panel data",
  "classification": {
    "rf": {
      "accuracy": 0.5319148936170213,
      "f1_macro": 0.40650406504065045,
      "per_class_f1": [
        0.6829268292682927,
        0.5365853658536586,
        0.0
      ],
      "per_class_precision": [
        0.7,
        0.4230769230769231,
        0.0
      ],
      "per_class_recall": [
        0.6666666666666666,
        0.7333333333333333,
        0.0
      ],
      "confusion_matrix": [
        [
          14,
          7,
          0
        ],
        [
          3,
          11,
          1
        ],
        [
          3,
          8,
          0
        ]
      ]
    },
    "lstm": {
      "accuracy": 0.36,
      "f1_macro": 0.1818181818181818,
      "per_class_f1": [
        0.5454545454545454,
        0.0,
        0.0
      ],
      "per_class_precision": [
        0.4090909090909091,
        0.0,
        0.0
      ],
      "per_class_recall": [
        0.8181818181818182,
        0.0,
        0.0
      ],
      "confusion_matrix": [
        [
          18,
          1,
          3
        ],
        [
          15,
          0,
          2
        ],
        [
          11,
          0,
          0
        ]
      ]
    }
  },
  "regression": {
    "gb": {
      "mse": 0.3246860170686523,
      "rmse": 0.5698122647580098,
      "mae": 0.4034584668355561,
      "r2": 0.25163927674362596
    },
    "lstm": {
      "mse": 0.6049817204475403,
      "rmse": 0.777805708675078,
      "mae": 0.5712140798568726,
      "r2": -0.4166996479034424
    }
  },
  "baselines": {},
  "n_features": 101,
  "n_train_samples": 1918,
  "n_test_samples": 47
}