{
  "iteration": 123,
  "timestamp": "2026-04-11T14:23:25.377809",
  "git_hash": "88e6951",
  "hypothesis": "Shannon entropy over app usage replaces 12 sparse columns with 1 informative feature.",
  "change_summary": "Add app_entropy: Shannon entropy of daily app category durations",
  "classification": {
    "xgboost": {
      "accuracy": 0.7380281690140845,
      "f1_macro": 0.6947083556986939,
      "per_class_f1": [
        0.8532608695652174,
        0.6419753086419753,
        0.5888888888888889
      ],
      "per_class_precision": [
        0.8440860215053764,
        0.7123287671232876,
        0.5520833333333334
      ],
      "per_class_recall": [
        0.8626373626373627,
        0.5842696629213483,
        0.6309523809523809
      ],
      "confusion_matrix": [
        [
          157,
          8,
          17
        ],
        [
          11,
          52,
          26
        ],
        [
          18,
          13,
          53
        ]
      ]
    },
    "gru": {
      "accuracy": 0.6676056338028169,
      "f1_macro": 0.5932321005084882,
      "per_class_f1": [
        0.8524590163934426,
        0.42962962962962964,
        0.49760765550239233
      ],
      "per_class_precision": [
        0.8478260869565217,
        0.6304347826086957,
        0.416
      ],
      "per_class_recall": [
        0.8571428571428571,
        0.3258426966292135,
        0.6190476190476191
      ],
      "confusion_matrix": [
        [
          156,
          3,
          23
        ],
        [
          10,
          29,
          50
        ],
        [
          18,
          14,
          52
        ]
      ]
    }
  },
  "regression": {
    "gb": {
      "mse": 0.2625739820010791,
      "rmse": 0.512419732251871,
      "mae": 0.3418620379963679,
      "r2": 0.49454216547267527
    },
    "gru": {
      "mse": 0.25062450766563416,
      "rmse": 0.5006241181421788,
      "mae": 0.3401634097099304,
      "r2": 0.5175449848175049
    }
  },
  "baselines": {},
  "n_features": 97,
  "n_train_samples": 1610,
  "n_test_samples": 355,
  "pipeline_config": {
    "iteration": 123,
    "seed": 42,
    "outlier_method": "iqr",
    "iqr_multiplier": 3.0,
    "imputation_method": "linear",
    "max_gap_days": null,
    "log_transform_durations": false,
    "window_sizes": [
      7
    ],
    "n_lags": 5,
    "agg_functions": [
      "mean",
      "std",
      "min",
      "max",
      "trend"
    ],
    "include_volatility": true,
    "include_interactions": true,
    "include_ema": false,
    "include_day_changes": false,
    "include_ratios": false,
    "include_autocorrelation": false,
    "ema_weighted_agg": false,
    "patient_normalize": false,
    "log_transform_before_agg": true,
    "tabular_cls": "xgboost",
    "tabular_reg": "gb",
    "temporal": "gru",
    "temporal_params": null,
    "cls_class_weight": false,
    "reg_loss": null,
    "n_classes": 3,
    "split_method": "leave_patients_out",
    "test_fraction": 0.2,
    "n_train": 1610,
    "n_test": 355,
    "n_features": 97
  },
  "q33": 7.0,
  "q66": 7.4,
  "feature_cols": [
    "activity_mean",
    "activity_std",
    "activity_min",
    "activity_max",
    "activity_trend",
    "circumplex.arousal_mean",
    "circumplex.arousal_std",
    "circumplex.arousal_min",
    "circumplex.arousal_max",
    "circumplex.arousal_trend",
    "circumplex.valence_mean",
    "circumplex.valence_std",
    "circumplex.valence_min",
    "circumplex.valence_max",
    "circumplex.valence_trend",
    "mood_mean",
    "mood_std",
    "mood_min",
    "mood_max",
    "mood_trend"
  ],
  "cls_importances_top10": [
    0.006880543660372496,
    0.008356859907507896,
    0.006700272671878338,
    0.007493647281080484,
    0.006099279038608074,
    0.007215013727545738,
    0.009018778800964355,
    0.004014197271317244,
    0.0060723694041371346,
    0.006844998802989721
  ],
  "reg_importances_top10": [
    1.1863188316311436e-05,
    0.004200520767491454,
    0.008698577106329587,
    0.0003296807297184598,
    0.0016022601005681399,
    0.006617426696934999,
    0.001234162351278249,
    8.908050111988357e-05,
    0.0022058986118787594,
    0.0022875012986435174
  ]
}