{
  "iteration": 78,
  "timestamp": "2026-04-11T10:35:29.520137",
  "git_hash": "88e6951",
  "hypothesis": "Identifying hardest patients reveals systematic vs random errors.",
  "change_summary": "Per-patient error analysis on best config",
  "classification": {
    "xgboost": {
      "accuracy": 0.7267605633802817,
      "f1_macro": 0.6835086429960345,
      "per_class_f1": [
        0.8401084010840109,
        0.6341463414634146,
        0.576271186440678
      ],
      "per_class_precision": [
        0.8288770053475936,
        0.6933333333333334,
        0.5483870967741935
      ],
      "per_class_recall": [
        0.8516483516483516,
        0.5842696629213483,
        0.6071428571428571
      ],
      "confusion_matrix": [
        [
          155,
          10,
          17
        ],
        [
          12,
          52,
          25
        ],
        [
          20,
          13,
          51
        ]
      ]
    }
  },
  "regression": {
    "gb": {
      "mse": 0.26834629914293956,
      "rmse": 0.5180215238220701,
      "mae": 0.3421577284525702,
      "r2": 0.4834303908006602
    }
  },
  "baselines": {},
  "n_features": 96,
  "n_train_samples": 1610,
  "n_test_samples": 355,
  "per_patient_analysis": {
    "AS14.01": {
      "n_samples": 71,
      "cls_f1": 0.615686274509804,
      "reg_r2": 0.623229724779778,
      "reg_mae": 0.2906127849745859,
      "mood_mean": 6.81737089201878,
      "mood_std": 0.6284675060704752
    },
    "AS14.12": {
      "n_samples": 69,
      "cls_f1": 0.4888888888888889,
      "reg_r2": 0.04901964896924016,
      "reg_mae": 0.41253104404895713,
      "mood_mean": 6.042753623188406,
      "mood_std": 0.5303147385347332
    },
    "AS14.13": {
      "n_samples": 70,
      "cls_f1": 0.6451385249624427,
      "reg_r2": 0.05770606648976073,
      "reg_mae": 0.5066055800443465,
      "mood_mean": 7.1899999999999995,
      "mood_std": 0.7914794264790984
    },
    "AS14.17": {
      "n_samples": 71,
      "cls_f1": 0.4972357723577236,
      "reg_r2": -0.06984774198882215,
      "reg_mae": 0.24848125461008833,
      "mood_mean": 7.2268779342723,
      "mood_std": 0.35693693269508825
    },
    "AS14.28": {
      "n_samples": 74,
      "cls_f1": 0.4343711843711843,
      "reg_r2": 0.2755646122128863,
      "reg_mae": 0.2603146506441659,
      "mood_mean": 6.812162162162162,
      "mood_std": 0.5332791167353882
    }
  }
}