{
  "iteration": 151,
  "timestamp": "2026-04-11T15:12:07.014001",
  "git_hash": "88e6951",
  "hypothesis": "5-seed robustness of best config",
  "change_summary": "5-seed robustness (v5 best config)",
  "classification": {
    "xgboost": {
      "f1_macro": 0.6881244875375276,
      "f1_std": 0.024056077651427112
    }
  },
  "regression": {
    "gb": {
      "r2": 0.4641190383596401,
      "r2_std": 0.06361372301073509
    }
  },
  "baselines": {},
  "n_features": 0,
  "n_train_samples": 0,
  "n_test_samples": 0,
  "seeds": [
    42,
    123,
    456,
    789,
    1234
  ],
  "cls_f1s": [
    0.6835086429960345,
    0.7186794760785608,
    0.6463537221431959,
    0.7018902578356917,
    0.6901903386341551
  ],
  "reg_r2s": [
    0.4834303908006602,
    0.3974465499284897,
    0.4026735463951051,
    0.5720031437649857,
    0.46504156090895965
  ],
  "gru_f1s": [
    0.5932321005084882,
    0.7300408090418284,
    0.5002969140743486,
    0.6040327445963095,
    0.5193588859914869
  ],
  "gru_r2s": [
    0.5175449848175049,
    0.24137932062149048,
    0.43512237071990967,
    0.38120728731155396,
    0.4686983823776245
  ]
}