{
  "iteration": 93,
  "timestamp": "2026-04-11T11:32:59.473602",
  "git_hash": "88e6951",
  "hypothesis": "GRU with all 19 daily features tests if it can learn to ignore sparse cols.",
  "change_summary": "GRU on all 19 raw features (drop_sparse=False)",
  "classification": {
    "xgboost": {
      "accuracy": 0.704225352112676,
      "f1_macro": 0.6597575540540116,
      "per_class_f1": [
        0.8172043010752689,
        0.6134969325153374,
        0.5485714285714286
      ],
      "per_class_precision": [
        0.8,
        0.6756756756756757,
        0.5274725274725275
      ],
      "per_class_recall": [
        0.8351648351648352,
        0.5617977528089888,
        0.5714285714285714
      ],
      "confusion_matrix": [
        [
          152,
          12,
          18
        ],
        [
          14,
          50,
          25
        ],
        [
          24,
          12,
          48
        ]
      ]
    },
    "gru": {
      "accuracy": 0.4619718309859155,
      "f1_macro": 0.4452649769585253,
      "per_class_f1": [
        0.54,
        0.4732142857142857,
        0.3225806451612903
      ],
      "per_class_precision": [
        0.6864406779661016,
        0.3925925925925926,
        0.29411764705882354
      ],
      "per_class_recall": [
        0.44505494505494503,
        0.5955056179775281,
        0.35714285714285715
      ],
      "confusion_matrix": [
        [
          81,
          52,
          49
        ],
        [
          13,
          53,
          23
        ],
        [
          24,
          30,
          30
        ]
      ]
    }
  },
  "regression": {
    "gb": {
      "mse": 0.27323941188314643,
      "rmse": 0.5227230738002163,
      "mae": 0.3533448415665444,
      "r2": 0.4740110943764133
    },
    "gru": {
      "mse": 0.6833083629608154,
      "rmse": 0.8266246808321268,
      "mae": 0.5490704774856567,
      "r2": -0.31537628173828125
    }
  },
  "baselines": {},
  "n_features": 131,
  "n_train_samples": 1610,
  "n_test_samples": 355,
  "pipeline_config": {
    "iteration": 93,
    "seed": 42,
    "outlier_method": "iqr",
    "iqr_multiplier": 3.0,
    "imputation_method": "linear",
    "max_gap_days": null,
    "log_transform_durations": false,
    "window_sizes": [
      7
    ],
    "n_lags": 5,
    "agg_functions": [
      "mean",
      "std",
      "min",
      "max",
      "trend"
    ],
    "include_volatility": true,
    "include_interactions": true,
    "include_ema": false,
    "include_day_changes": false,
    "include_ratios": false,
    "include_autocorrelation": false,
    "ema_weighted_agg": false,
    "patient_normalize": false,
    "log_transform_before_agg": true,
    "tabular_cls": "xgboost",
    "tabular_reg": "gb",
    "temporal": "gru",
    "temporal_params": null,
    "cls_class_weight": false,
    "reg_loss": null,
    "n_classes": 3,
    "split_method": "leave_patients_out",
    "test_fraction": 0.2,
    "n_train": 1610,
    "n_test": 355,
    "n_features": 131
  },
  "q33": 7.0,
  "q66": 7.4,
  "feature_cols": [
    "activity_mean",
    "activity_std",
    "activity_min",
    "activity_max",
    "activity_trend",
    "circumplex.arousal_mean",
    "circumplex.arousal_std",
    "circumplex.arousal_min",
    "circumplex.arousal_max",
    "circumplex.arousal_trend",
    "circumplex.valence_mean",
    "circumplex.valence_std",
    "circumplex.valence_min",
    "circumplex.valence_max",
    "circumplex.valence_trend",
    "mood_mean",
    "mood_std",
    "mood_min",
    "mood_max",
    "mood_trend"
  ],
  "cls_importances_top10": [
    0.006545312702655792,
    0.003728113602846861,
    0.004760997369885445,
    0.005919486749917269,
    0.004925914108753204,
    0.005645525176078081,
    0.007314141374081373,
    0.00213204906322062,
    0.002438540803268552,
    0.004583347588777542
  ],
  "reg_importances_top10": [
    0.0009268944891525477,
    0.003356711759595535,
    0.008135271674673998,
    0.00031594844902226135,
    0.0014759601260357826,
    0.00391503171490917,
    0.0015716747653000895,
    0.0,
    0.002457701669825054,
    0.0017180543923790692
  ]
}