{
  "iteration": 75,
  "timestamp": "2026-04-11T10:30:27.038539",
  "git_hash": "88e6951",
  "hypothesis": "Huber loss is more robust to outlier mood days in regression.",
  "change_summary": "GB regression with loss=huber (was squared_error)",
  "classification": {
    "xgboost": {
      "accuracy": 0.7267605633802817,
      "f1_macro": 0.6835086429960345,
      "per_class_f1": [
        0.8401084010840109,
        0.6341463414634146,
        0.576271186440678
      ],
      "per_class_precision": [
        0.8288770053475936,
        0.6933333333333334,
        0.5483870967741935
      ],
      "per_class_recall": [
        0.8516483516483516,
        0.5842696629213483,
        0.6071428571428571
      ],
      "confusion_matrix": [
        [
          155,
          10,
          17
        ],
        [
          12,
          52,
          25
        ],
        [
          20,
          13,
          51
        ]
      ]
    },
    "gru": {
      "accuracy": 0.6676056338028169,
      "f1_macro": 0.5932321005084882,
      "per_class_f1": [
        0.8524590163934426,
        0.42962962962962964,
        0.49760765550239233
      ],
      "per_class_precision": [
        0.8478260869565217,
        0.6304347826086957,
        0.416
      ],
      "per_class_recall": [
        0.8571428571428571,
        0.3258426966292135,
        0.6190476190476191
      ],
      "confusion_matrix": [
        [
          156,
          3,
          23
        ],
        [
          10,
          29,
          50
        ],
        [
          18,
          14,
          52
        ]
      ]
    }
  },
  "regression": {
    "gb": {
      "mse": 0.27531413319396275,
      "rmse": 0.524703852848407,
      "mae": 0.35463527104223647,
      "r2": 0.47001723278730667
    },
    "gru": {
      "mse": 0.25062450766563416,
      "rmse": 0.5006241181421788,
      "mae": 0.3401634097099304,
      "r2": 0.5175449848175049
    }
  },
  "baselines": {},
  "n_features": 96,
  "n_train_samples": 1610,
  "n_test_samples": 355,
  "pipeline_config": {
    "iteration": 75,
    "seed": 42,
    "outlier_method": "iqr",
    "iqr_multiplier": 3.0,
    "imputation_method": "linear",
    "max_gap_days": null,
    "log_transform_durations": false,
    "window_sizes": [
      7
    ],
    "n_lags": 5,
    "agg_functions": [
      "mean",
      "std",
      "min",
      "max",
      "trend"
    ],
    "include_volatility": true,
    "include_interactions": true,
    "include_ema": false,
    "include_day_changes": false,
    "include_ratios": false,
    "include_autocorrelation": false,
    "ema_weighted_agg": false,
    "patient_normalize": false,
    "log_transform_before_agg": true,
    "tabular_cls": "xgboost",
    "tabular_reg": "gb",
    "temporal": "gru",
    "temporal_params": null,
    "cls_class_weight": false,
    "reg_loss": "huber",
    "split_method": "leave_patients_out",
    "test_fraction": 0.2,
    "n_train": 1610,
    "n_test": 355,
    "n_features": 96
  },
  "q33": 7.0,
  "q66": 7.4,
  "feature_cols": [
    "activity_mean",
    "activity_std",
    "activity_min",
    "activity_max",
    "activity_trend",
    "circumplex.arousal_mean",
    "circumplex.arousal_std",
    "circumplex.arousal_min",
    "circumplex.arousal_max",
    "circumplex.arousal_trend",
    "circumplex.valence_mean",
    "circumplex.valence_std",
    "circumplex.valence_min",
    "circumplex.valence_max",
    "circumplex.valence_trend",
    "mood_mean",
    "mood_std",
    "mood_min",
    "mood_max",
    "mood_trend"
  ],
  "cls_importances_top10": [
    0.006200718227773905,
    0.004790994804352522,
    0.004454595036804676,
    0.008328968659043312,
    0.006026492919772863,
    0.006330775562673807,
    0.010598540306091309,
    0.00485506234690547,
    0.004633492324501276,
    0.005801675375550985
  ],
  "reg_importances_top10": [
    0.00043828348604052443,
    0.002467696792910856,
    0.004948247075023887,
    0.0016545551633289882,
    0.002163990175012682,
    0.0031365626305411096,
    0.0002175979671051464,
    0.0011332113709819408,
    0.002429863474870582,
    0.00439348939050424
  ]
}