{
  "iteration": 127,
  "timestamp": "2026-04-11T14:20:42.722010",
  "git_hash": "88e6951",
  "hypothesis": "Test all window sizes 1-14 to find optimal.",
  "change_summary": "Window size optimization: tested 1-14 days",
  "classification": {
    "xgboost": {
      "r2": 0.46567849359583313,
      "mse": 0.2775680106661256,
      "f1": 0.6508369934616568,
      "n_train": 1610,
      "n_test": 355,
      "n_features": 96
    }
  },
  "regression": {
    "gb": {
      "r2": 0.46567849359583313,
      "mse": 0.2775680106661256,
      "f1": 0.6508369934616568,
      "n_train": 1610,
      "n_test": 355,
      "n_features": 96
    }
  },
  "baselines": {},
  "n_features": 0,
  "n_train_samples": 0,
  "n_test_samples": 0,
  "window_results": {
    "1": {
      "r2": 0.4159781347422715,
      "mse": 0.2996322078316157,
      "f1": 0.6863712561510708,
      "n_train": 1742,
      "n_test": 385,
      "n_features": 96
    },
    "2": {
      "r2": 0.5024811115066505,
      "mse": 0.25580450979400615,
      "f1": 0.6581703979364799,
      "n_train": 1720,
      "n_test": 380,
      "n_features": 96
    },
    "3": {
      "r2": 0.4406858154918373,
      "mse": 0.28819144145659426,
      "f1": 0.6775533108866442,
      "n_train": 1698,
      "n_test": 375,
      "n_features": 96
    },
    "4": {
      "r2": 0.44190900159695634,
      "mse": 0.28816581758679605,
      "f1": 0.6802067941795302,
      "n_train": 1676,
      "n_test": 370,
      "n_features": 96
    },
    "5": {
      "r2": 0.3134649620190978,
      "mse": 0.35521880554931917,
      "f1": 0.689143825523136,
      "n_train": 1654,
      "n_test": 365,
      "n_features": 96
    },
    "6": {
      "r2": 0.3992188375752842,
      "mse": 0.3114775701404294,
      "f1": 0.651314787896354,
      "n_train": 1632,
      "n_test": 360,
      "n_features": 96
    },
    "7": {
      "r2": 0.46567849359583313,
      "mse": 0.2775680106661256,
      "f1": 0.6508369934616568,
      "n_train": 1610,
      "n_test": 355,
      "n_features": 96
    },
    "8": {
      "r2": 0.39762876979137485,
      "mse": 0.3135188977945452,
      "f1": 0.6459997439836149,
      "n_train": 1588,
      "n_test": 350,
      "n_features": 96
    },
    "9": {
      "r2": 0.4076190186398392,
      "mse": 0.30889221157256996,
      "f1": 0.6569420852793343,
      "n_train": 1566,
      "n_test": 345,
      "n_features": 96
    },
    "10": {
      "r2": 0.20353015766171678,
      "mse": 0.4160562101762953,
      "f1": 0.5889822320960045,
      "n_train": 1544,
      "n_test": 340,
      "n_features": 96
    },
    "11": {
      "r2": 0.20367978544986187,
      "mse": 0.41690961807059207,
      "f1": 0.5384138314057543,
      "n_train": 1522,
      "n_test": 335,
      "n_features": 96
    },
    "12": {
      "r2": 0.22298763376027597,
      "mse": 0.4076730329662156,
      "f1": 0.5702917402081747,
      "n_train": 1500,
      "n_test": 330,
      "n_features": 96
    },
    "13": {
      "r2": 0.2414512606530208,
      "mse": 0.3987962220826087,
      "f1": 0.5732295971008747,
      "n_train": 1478,
      "n_test": 325,
      "n_features": 96
    },
    "14": {
      "r2": 0.20467174524496912,
      "mse": 0.41893419399356147,
      "f1": 0.5690561802927236,
      "n_train": 1456,
      "n_test": 320,
      "n_features": 96
    }
  }
}