{
  "iteration": 21,
  "timestamp": "2026-04-10T22:40:31.385714",
  "git_hash": "e7e5713",
  "hypothesis": "Robustness check with 5 random seeds.",
  "change_summary": "5 seeds [42,123,456,789,1024], leave-patients-out, best config.",
  "classification": {
    "xgboost": {
      "f1_macro": 0.6562114454778767,
      "f1_std": 0.07729484242376712,
      "f1_per_seed": [
        0.6812320112255478,
        0.7187790102423032,
        0.6672170433841905,
        0.7077864049576812,
        0.5060427575796608
      ]
    },
    "gru": {
      "f1_macro": 0.4953316397899151,
      "f1_std": 0.07538441255917666,
      "f1_per_seed": [
        0.47546418080096836,
        0.5048502728994281,
        0.4618388639007196,
        0.6309316360485951,
        0.403573245299864
      ]
    }
  },
  "regression": {
    "gb": {
      "r2": 0.4474878403365518,
      "r2_std": 0.05124500659550906,
      "r2_per_seed": [
        0.4342471503132841,
        0.44829829385167985,
        0.3932355821423946,
        0.5432297917247941,
        0.4184283836506063
      ]
    },
    "gru": {
      "r2": 0.4272199749946594,
      "r2_std": 0.03343824656694386,
      "r2_per_seed": [
        0.4266873002052307,
        0.4854452610015869,
        0.38109928369522095,
        0.41969603300094604,
        0.4231719970703125
      ]
    }
  },
  "baselines": {},
  "n_features": 107,
  "n_train_samples": 0,
  "n_test_samples": 0
}