{
  "iteration": 96,
  "timestamp": "2026-04-11T11:38:40.040833",
  "git_hash": "88e6951",
  "hypothesis": "0.632 bootstrap from Lecture 4 provides an alternative performance estimate.",
  "change_summary": "0.632 bootstrap (50 resamples)",
  "classification": {
    "xgboost": {
      "f1_macro": 0.8167192482574739,
      "accuracy": 0.8167192482574739,
      "per_class_f1": [],
      "oob_f1": 0.7099988105339777,
      "train_f1": 1.0
    }
  },
  "regression": {
    "gb": {
      "r2": 0.5899256667680148,
      "r2_std": 0.03302472607387078,
      "rmse": 0,
      "mae": 0,
      "mse": 0
    }
  },
  "baselines": {},
  "n_features": 96,
  "n_train_samples": 1965,
  "n_test_samples": 0,
  "n_bootstraps": 50,
  "boot_cls_f1": [
    0.6981220530633326,
    0.7287572456177108,
    0.6924875855794932,
    0.6967503754249101,
    0.727240423834851,
    0.7021960475201766,
    0.7030490441835954,
    0.7077927878499904,
    0.7355530602341801,
    0.7246154700427564,
    0.720762540031278,
    0.7123064846864032,
    0.7215292738436129,
    0.7053752535496959,
    0.7197878804678819,
    0.7165718891837639,
    0.701935020677921,
    0.6905112715802595,
    0.7095431961143023,
    0.7286535558915869,
    0.7018180042607821,
    0.7149970930948838,
    0.7155783505526644,
    0.6799211412859615,
    0.7215427240085729,
    0.7096669934222678,
    0.6793480062891137,
    0.6964491116864772,
    0.7169889074069727,
    0.7161830065359478,
    0.7228680527581237,
    0.7338867524892932,
    0.7346274240787926,
    0.7197255323292802,
    0.7166868841643789,
    0.6991996567304907,
    0.7136332314360949,
    0.7110735657678889,
    0.6993236699687446,
    0.6931162743372724,
    0.7059629936468236,
    0.7089098958240513,
    0.6935821716552947,
    0.6941512221326888,
    0.718997053961535,
    0.6957288316050715,
    0.7237637841118353,
    0.7014204382104952,
    0.7023880078425533,
    0.7148612857268298
  ],
  "boot_reg_r2": [
    0.5670721992929502,
    0.6452189514564093,
    0.5229332003684025,
    0.6439603754427827,
    0.6070031490502168,
    0.5992845980559213,
    0.5862856899965407,
    0.5888096556955839,
    0.6022659015322205,
    0.6254189546076139,
    0.5727817010247922,
    0.6041941890061635,
    0.5845999508345336,
    0.5780720557714001,
    0.6097003449082562,
    0.6122821438289758,
    0.6083757558182992,
    0.5771115470883027,
    0.5865559616953542,
    0.6076970318081298,
    0.5589786679238152,
    0.5476447902950192,
    0.6092328460578005,
    0.5605787219848335,
    0.6526236381719904,
    0.5390456655182099,
    0.5666626897213368,
    0.607314392020736,
    0.5955513443409555,
    0.5999326444749147,
    0.6028959516052337,
    0.5756069420912355,
    0.6111997323282692,
    0.6240380111201079,
    0.5933986020854289,
    0.5437307354612326,
    0.5809675882590097,
    0.5922941821381882,
    0.5203220064224732,
    0.5510221997655051,
    0.6587730090325005,
    0.65435078768655,
    0.6175127882738618,
    0.6040966397896967,
    0.5377614140951892,
    0.5709493186696863,
    0.6140269706441936,
    0.5368584187119383,
    0.5612146689859954,
    0.5780746134419823
  ]
}