{
  "iteration": 44,
  "timestamp": "2026-04-11T08:58:57.523760",
  "git_hash": "048bd35",
  "hypothesis": "Dropping 7 sparse app categories (>80% missing) removes noise features.",
  "change_summary": "drop_sparse=True. Removes appCat.weather/game/finance/unknown/office/travel/utilities.",
  "classification": {
    "xgboost": {
      "accuracy": 0.7211267605633803,
      "f1_macro": 0.6732630523382507,
      "per_class_f1": [
        0.8455284552845529,
        0.6012269938650306,
        0.5730337078651685
      ],
      "per_class_precision": [
        0.8297872340425532,
        0.6712328767123288,
        0.5425531914893617
      ],
      "per_class_recall": [
        0.861878453038674,
        0.5444444444444444,
        0.6071428571428571
      ],
      "confusion_matrix": [
        [
          156,
          8,
          17
        ],
        [
          15,
          49,
          26
        ],
        [
          17,
          16,
          51
        ]
      ]
    },
    "gru": {
      "accuracy": 0.6704225352112676,
      "f1_macro": 0.6036571363829027,
      "per_class_f1": [
        0.8406593406593407,
        0.4507042253521127,
        0.5196078431372549
      ],
      "per_class_precision": [
        0.8360655737704918,
        0.6153846153846154,
        0.44166666666666665
      ],
      "per_class_recall": [
        0.8453038674033149,
        0.35555555555555557,
        0.6309523809523809
      ],
      "confusion_matrix": [
        [
          153,
          10,
          18
        ],
        [
          9,
          32,
          49
        ],
        [
          21,
          10,
          53
        ]
      ]
    }
  },
  "regression": {
    "gb": {
      "mse": 0.32241183690031366,
      "rmse": 0.567813205993233,
      "mae": 0.40955604123907086,
      "r2": 0.42833018862570504
    },
    "gru": {
      "mse": 0.26336827874183655,
      "rmse": 0.5131941920382932,
      "mae": 0.3455234169960022,
      "r2": 0.5330204963684082
    }
  },
  "baselines": {},
  "n_features": 72,
  "n_train_samples": 1610,
  "n_test_samples": 355,
  "pipeline_config": {
    "iteration": 44,
    "seed": 42,
    "outlier_method": "iqr",
    "iqr_multiplier": 3.0,
    "imputation_method": "ffill",
    "max_gap_days": null,
    "log_transform_durations": false,
    "window_sizes": [
      7
    ],
    "n_lags": 3,
    "agg_functions": [
      "mean",
      "std",
      "min",
      "max",
      "trend"
    ],
    "include_volatility": true,
    "include_interactions": true,
    "patient_normalize": false,
    "log_transform_before_agg": false,
    "tabular_cls": "xgboost",
    "tabular_reg": "gb",
    "temporal": "gru",
    "split_method": "leave_patients_out",
    "test_fraction": 0.2,
    "n_train": 1610,
    "n_test": 355,
    "n_features": 72
  },
  "q33": 7.0,
  "q66": 7.4,
  "feature_cols": [
    "activity_mean",
    "activity_std",
    "activity_min",
    "activity_max",
    "activity_trend",
    "circumplex.arousal_mean",
    "circumplex.arousal_std",
    "circumplex.arousal_min",
    "circumplex.arousal_max",
    "circumplex.arousal_trend",
    "circumplex.valence_mean",
    "circumplex.valence_std",
    "circumplex.valence_min",
    "circumplex.valence_max",
    "circumplex.valence_trend",
    "mood_mean",
    "mood_std",
    "mood_min",
    "mood_max",
    "mood_trend"
  ],
  "cls_importances_top10": [
    0.008696982637047768,
    0.01407685223966837,
    0.00968564860522747,
    0.009329869411885738,
    0.00640970328822732,
    0.007773818448185921,
    0.017087670043110847,
    0.012188948690891266,
    0.006934320088475943,
    0.007609479129314423
  ],
  "reg_importances_top10": [
    0.001505246732188635,
    0.005613270648999956,
    0.020737529843253468,
    0.0001836873113332421,
    0.0018442169116062916,
    0.003122233890276724,
    0.0007857065056463384,
    0.0008424488705522861,
    0.0036485743409635004,
    0.000456038186954847
  ]
}