{
  "iteration": 117,
  "timestamp": "2026-04-11T15:02:41.827762",
  "git_hash": "88e6951",
  "hypothesis": "First/last mood captures intra-day trajectory differently from morning/evening by time.",
  "change_summary": "Add mood_first_daily, mood_last_daily from raw data",
  "classification": {
    "xgboost": {
      "accuracy": 0.7295774647887324,
      "f1_macro": 0.6893039723531449,
      "per_class_f1": [
        0.8355795148247979,
        0.6625,
        0.5698324022346368
      ],
      "per_class_precision": [
        0.8201058201058201,
        0.7464788732394366,
        0.5368421052631579
      ],
      "per_class_recall": [
        0.8516483516483516,
        0.5955056179775281,
        0.6071428571428571
      ],
      "confusion_matrix": [
        [
          155,
          8,
          19
        ],
        [
          11,
          53,
          25
        ],
        [
          23,
          10,
          51
        ]
      ]
    },
    "gru": {
      "accuracy": 0.6591549295774648,
      "f1_macro": 0.5701674277016743,
      "per_class_f1": [
        0.8438356164383561,
        0.3333333333333333,
        0.5333333333333333
      ],
      "per_class_precision": [
        0.8415300546448088,
        0.6451612903225806,
        0.425531914893617
      ],
      "per_class_recall": [
        0.8461538461538461,
        0.2247191011235955,
        0.7142857142857143
      ],
      "confusion_matrix": [
        [
          154,
          5,
          23
        ],
        [
          11,
          20,
          58
        ],
        [
          18,
          6,
          60
        ]
      ]
    }
  },
  "regression": {
    "gb": {
      "mse": 0.27175529145793487,
      "rmse": 0.5213015360210776,
      "mae": 0.34613525456109195,
      "r2": 0.4768680426947053
    },
    "gru": {
      "mse": 0.2555973529815674,
      "rmse": 0.5055663685230332,
      "mae": 0.34646567702293396,
      "r2": 0.507972240447998
    }
  },
  "baselines": {},
  "n_features": 106,
  "n_train_samples": 1610,
  "n_test_samples": 355,
  "pipeline_config": {
    "iteration": 117,
    "seed": 42,
    "outlier_method": "iqr",
    "iqr_multiplier": 3.0,
    "imputation_method": "linear",
    "max_gap_days": null,
    "log_transform_durations": false,
    "window_sizes": [
      7
    ],
    "n_lags": 5,
    "agg_functions": [
      "mean",
      "std",
      "min",
      "max",
      "trend"
    ],
    "include_volatility": true,
    "include_interactions": true,
    "include_ema": false,
    "include_day_changes": false,
    "include_ratios": false,
    "include_autocorrelation": false,
    "ema_weighted_agg": false,
    "patient_normalize": false,
    "log_transform_before_agg": true,
    "tabular_cls": "xgboost",
    "tabular_reg": "gb",
    "temporal": "gru",
    "temporal_params": null,
    "cls_class_weight": false,
    "reg_loss": null,
    "n_classes": 3,
    "split_method": "leave_patients_out",
    "test_fraction": 0.2,
    "n_train": 1610,
    "n_test": 355,
    "n_features": 106
  },
  "q33": 7.0,
  "q66": 7.4,
  "feature_cols": [
    "activity_mean",
    "activity_std",
    "activity_min",
    "activity_max",
    "activity_trend",
    "circumplex.arousal_mean",
    "circumplex.arousal_std",
    "circumplex.arousal_min",
    "circumplex.arousal_max",
    "circumplex.arousal_trend",
    "circumplex.valence_mean",
    "circumplex.valence_std",
    "circumplex.valence_min",
    "circumplex.valence_max",
    "circumplex.valence_trend",
    "mood_mean",
    "mood_std",
    "mood_min",
    "mood_max",
    "mood_trend"
  ],
  "cls_importances_top10": [
    0.004933289717882872,
    0.004595380276441574,
    0.004297034349292517,
    0.0072414749301970005,
    0.00500554870814085,
    0.0054255020804703236,
    0.007763876114040613,
    0.004435237497091293,
    0.0031331407371908426,
    0.0058027105405926704
  ],
  "reg_importances_top10": [
    0.0016063322382780742,
    0.0003221419550941376,
    0.009016564582214599,
    0.0,
    0.002140731842261677,
    0.005419534316416103,
    0.0006148076936148245,
    0.0,
    0.0023401671599257864,
    0.0032809718681996486
  ]
}