{
  "iteration": 80,
  "timestamp": "2026-04-11T10:45:53.786694",
  "git_hash": "88e6951",
  "hypothesis": "Optimized thresholds improve macro F1 vs fixed terciles.",
  "change_summary": "Sweep classification thresholds on regression predictions",
  "classification": {
    "xgboost": {
      "accuracy": 0.7267605633802817,
      "f1_macro": 0.6835086429960345,
      "per_class_f1": [
        0.8401084010840109,
        0.6341463414634146,
        0.576271186440678
      ],
      "per_class_precision": [
        0.8288770053475936,
        0.6933333333333334,
        0.5483870967741935
      ],
      "per_class_recall": [
        0.8516483516483516,
        0.5842696629213483,
        0.6071428571428571
      ],
      "confusion_matrix": [
        [
          155,
          10,
          17
        ],
        [
          12,
          52,
          25
        ],
        [
          20,
          13,
          51
        ]
      ]
    },
    "regression_based": {
      "f1_macro": 0.6579722463460153,
      "accuracy": 0.6579722463460153,
      "per_class_f1": [],
      "thresholds": [
        6.666666666666667,
        7.2
      ]
    }
  },
  "regression": {
    "gb": {
      "mse": 0.26834629914293956,
      "rmse": 0.5180215238220701,
      "mae": 0.3421577284525702,
      "r2": 0.4834303908006602
    }
  },
  "baselines": {},
  "n_features": 96,
  "n_train_samples": 1610,
  "n_test_samples": 355,
  "threshold_sweep": {
    "p25_p60": {
      "q_low": 6.666666666666667,
      "q_high": 7.2,
      "f1": 0.6579722463460153
    },
    "p25_p65": {
      "q_low": 6.666666666666667,
      "q_high": 7.4,
      "f1": 0.6485344572019404
    },
    "p25_p67": {
      "q_low": 6.666666666666667,
      "q_high": 7.4,
      "f1": 0.6485344572019404
    },
    "p25_p70": {
      "q_low": 6.666666666666667,
      "q_high": 7.4,
      "f1": 0.6485344572019404
    },
    "p25_p75": {
      "q_low": 6.666666666666667,
      "q_high": 7.6,
      "f1": 0.6115576939375567
    },
    "p30_p60": {
      "q_low": 6.8,
      "q_high": 7.2,
      "f1": 0.6510760564319225
    },
    "p30_p65": {
      "q_low": 6.8,
      "q_high": 7.4,
      "f1": 0.6447011639622571
    },
    "p30_p67": {
      "q_low": 6.8,
      "q_high": 7.4,
      "f1": 0.6447011639622571
    },
    "p30_p70": {
      "q_low": 6.8,
      "q_high": 7.4,
      "f1": 0.6447011639622571
    },
    "p30_p75": {
      "q_low": 6.8,
      "q_high": 7.6,
      "f1": 0.6084300692886274
    },
    "p33_p60": {
      "q_low": 7.0,
      "q_high": 7.2,
      "f1": 0.6405902073180968
    },
    "p33_p65": {
      "q_low": 7.0,
      "q_high": 7.4,
      "f1": 0.6302008929080888
    },
    "p33_p67": {
      "q_low": 7.0,
      "q_high": 7.4,
      "f1": 0.6302008929080888
    },
    "p33_p70": {
      "q_low": 7.0,
      "q_high": 7.4,
      "f1": 0.6302008929080888
    },
    "p33_p75": {
      "q_low": 7.0,
      "q_high": 7.6,
      "f1": 0.59820723866389
    },
    "p35_p60": {
      "q_low": 7.0,
      "q_high": 7.2,
      "f1": 0.6405902073180968
    },
    "p35_p65": {
      "q_low": 7.0,
      "q_high": 7.4,
      "f1": 0.6302008929080888
    },
    "p35_p67": {
      "q_low": 7.0,
      "q_high": 7.4,
      "f1": 0.6302008929080888
    },
    "p35_p70": {
      "q_low": 7.0,
      "q_high": 7.4,
      "f1": 0.6302008929080888
    },
    "p35_p75": {
      "q_low": 7.0,
      "q_high": 7.6,
      "f1": 0.59820723866389
    },
    "p40_p60": {
      "q_low": 7.0,
      "q_high": 7.2,
      "f1": 0.6405902073180968
    },
    "p40_p65": {
      "q_low": 7.0,
      "q_high": 7.4,
      "f1": 0.6302008929080888
    },
    "p40_p67": {
      "q_low": 7.0,
      "q_high": 7.4,
      "f1": 0.6302008929080888
    },
    "p40_p70": {
      "q_low": 7.0,
      "q_high": 7.4,
      "f1": 0.6302008929080888
    },
    "p40_p75": {
      "q_low": 7.0,
      "q_high": 7.6,
      "f1": 0.59820723866389
    }
  },
  "best_thresholds": [
    6.666666666666667,
    7.2
  ]
}