{
  "iteration": 49,
  "timestamp": "2026-04-11T09:07:24.019866",
  "git_hash": "048bd35",
  "hypothesis": "Study day captures temporal position in study. 9/27 patients have significant mood trends.",
  "change_summary": "include_study_day=True. Days since patient's first measurement.",
  "classification": {
    "xgboost": {
      "accuracy": 0.7014084507042253,
      "f1_macro": 0.6566266229074292,
      "per_class_f1": [
        0.8096514745308311,
        0.6358381502890174,
        0.524390243902439
      ],
      "per_class_precision": [
        0.7864583333333334,
        0.6626506024096386,
        0.5375
      ],
      "per_class_recall": [
        0.8342541436464088,
        0.6111111111111112,
        0.5119047619047619
      ],
      "confusion_matrix": [
        [
          151,
          12,
          18
        ],
        [
          16,
          55,
          19
        ],
        [
          25,
          16,
          43
        ]
      ]
    },
    "gru": {
      "accuracy": 0.5774647887323944,
      "f1_macro": 0.47546418080096836,
      "per_class_f1": [
        0.77,
        0.3247863247863248,
        0.3316062176165803
      ],
      "per_class_precision": [
        0.7031963470319634,
        0.7037037037037037,
        0.29357798165137616
      ],
      "per_class_recall": [
        0.850828729281768,
        0.2111111111111111,
        0.38095238095238093
      ],
      "confusion_matrix": [
        [
          154,
          1,
          26
        ],
        [
          20,
          19,
          51
        ],
        [
          45,
          7,
          32
        ]
      ]
    }
  },
  "regression": {
    "gb": {
      "mse": 0.3183328387784655,
      "rmse": 0.5642099243884899,
      "mae": 0.4069018517934922,
      "r2": 0.4355626776972338
    },
    "gru": {
      "mse": 0.3233383595943451,
      "rmse": 0.5686284899601365,
      "mae": 0.38876333832740784,
      "r2": 0.4266873002052307
    }
  },
  "baselines": {},
  "n_features": 108,
  "n_train_samples": 1610,
  "n_test_samples": 355,
  "pipeline_config": {
    "iteration": 49,
    "seed": 42,
    "outlier_method": "iqr",
    "iqr_multiplier": 3.0,
    "imputation_method": "ffill",
    "max_gap_days": null,
    "log_transform_durations": false,
    "window_sizes": [
      7
    ],
    "n_lags": 3,
    "agg_functions": [
      "mean",
      "std",
      "min",
      "max",
      "trend"
    ],
    "include_volatility": true,
    "include_interactions": true,
    "patient_normalize": false,
    "log_transform_before_agg": false,
    "tabular_cls": "xgboost",
    "tabular_reg": "gb",
    "temporal": "gru",
    "split_method": "leave_patients_out",
    "test_fraction": 0.2,
    "n_train": 1610,
    "n_test": 355,
    "n_features": 108
  },
  "q33": 7.0,
  "q66": 7.4,
  "feature_cols": [
    "activity_mean",
    "activity_std",
    "activity_min",
    "activity_max",
    "activity_trend",
    "circumplex.arousal_mean",
    "circumplex.arousal_std",
    "circumplex.arousal_min",
    "circumplex.arousal_max",
    "circumplex.arousal_trend",
    "circumplex.valence_mean",
    "circumplex.valence_std",
    "circumplex.valence_min",
    "circumplex.valence_max",
    "circumplex.valence_trend",
    "mood_mean",
    "mood_std",
    "mood_min",
    "mood_max",
    "mood_trend"
  ],
  "cls_importances_top10": [
    0.005080497823655605,
    0.010213937610387802,
    0.009023219347000122,
    0.005758145358413458,
    0.007000323385000229,
    0.005868738051503897,
    0.01456697378307581,
    0.00794703233987093,
    0.004137428943067789,
    0.007419787812978029
  ],
  "reg_importances_top10": [
    0.0014679956706181653,
    0.005314078705019556,
    0.019708365680072493,
    0.00014095051798466906,
    0.001859128416294369,
    0.003125123245944239,
    0.0007719412675635662,
    0.00034556448749151116,
    0.002557874571810683,
    0.00015680174401100892
  ]
}