{
  "iteration": 113,
  "timestamp": "2026-04-11T14:08:05.225494",
  "git_hash": "88e6951",
  "hypothesis": "Distinguishing 'zero usage' from 'no data' by checking if patient was active that day improves data quality.",
  "change_summary": "Conditional zero-fill: only fill NaN with 0 if >=4 other columns are non-null",
  "classification": {
    "xgboost": {
      "accuracy": 0.7408450704225352,
      "f1_macro": 0.6941150942575258,
      "per_class_f1": [
        0.8579088471849866,
        0.6289308176100629,
        0.5955056179775281
      ],
      "per_class_precision": [
        0.837696335078534,
        0.7142857142857143,
        0.5638297872340425
      ],
      "per_class_recall": [
        0.8791208791208791,
        0.5617977528089888,
        0.6309523809523809
      ],
      "confusion_matrix": [
        [
          160,
          7,
          15
        ],
        [
          13,
          50,
          26
        ],
        [
          18,
          13,
          53
        ]
      ]
    },
    "gru": {
      "accuracy": 0.647887323943662,
      "f1_macro": 0.5366448412961661,
      "per_class_f1": [
        0.8641304347826086,
        0.2413793103448276,
        0.504424778761062
      ],
      "per_class_precision": [
        0.8548387096774194,
        0.5185185185185185,
        0.4014084507042254
      ],
      "per_class_recall": [
        0.8736263736263736,
        0.15730337078651685,
        0.6785714285714286
      ],
      "confusion_matrix": [
        [
          159,
          3,
          20
        ],
        [
          10,
          14,
          65
        ],
        [
          17,
          10,
          57
        ]
      ]
    }
  },
  "regression": {
    "gb": {
      "mse": 0.2723294703689654,
      "rmse": 0.5218519621204517,
      "mae": 0.3506199740092399,
      "r2": 0.47576274190751777
    },
    "gru": {
      "mse": 0.24972744286060333,
      "rmse": 0.49972736853268634,
      "mae": 0.3516199588775635,
      "r2": 0.5192718505859375
    }
  },
  "baselines": {},
  "n_features": 96,
  "n_train_samples": 1610,
  "n_test_samples": 355,
  "pipeline_config": {
    "iteration": 113,
    "seed": 42,
    "outlier_method": "iqr",
    "iqr_multiplier": 3.0,
    "imputation_method": "linear",
    "max_gap_days": null,
    "log_transform_durations": false,
    "window_sizes": [
      7
    ],
    "n_lags": 5,
    "agg_functions": [
      "mean",
      "std",
      "min",
      "max",
      "trend"
    ],
    "include_volatility": true,
    "include_interactions": true,
    "include_ema": false,
    "include_day_changes": false,
    "include_ratios": false,
    "include_autocorrelation": false,
    "ema_weighted_agg": false,
    "patient_normalize": false,
    "log_transform_before_agg": true,
    "tabular_cls": "xgboost",
    "tabular_reg": "gb",
    "temporal": "gru",
    "temporal_params": null,
    "cls_class_weight": false,
    "reg_loss": null,
    "n_classes": 3,
    "split_method": "leave_patients_out",
    "test_fraction": 0.2,
    "n_train": 1610,
    "n_test": 355,
    "n_features": 96
  },
  "q33": 7.0,
  "q66": 7.4,
  "feature_cols": [
    "activity_mean",
    "activity_std",
    "activity_min",
    "activity_max",
    "activity_trend",
    "circumplex.arousal_mean",
    "circumplex.arousal_std",
    "circumplex.arousal_min",
    "circumplex.arousal_max",
    "circumplex.arousal_trend",
    "circumplex.valence_mean",
    "circumplex.valence_std",
    "circumplex.valence_min",
    "circumplex.valence_max",
    "circumplex.valence_trend",
    "mood_mean",
    "mood_std",
    "mood_min",
    "mood_max",
    "mood_trend"
  ],
  "cls_importances_top10": [
    0.006601086817681789,
    0.006881333887577057,
    0.00587786640971899,
    0.008469867520034313,
    0.005617874674499035,
    0.007063393946737051,
    0.011768092401325703,
    0.0046490635722875595,
    0.004175511188805103,
    0.005322820972651243
  ],
  "reg_importances_top10": [
    0.001738450477311291,
    0.0047013371065956515,
    0.008472505831808664,
    0.0006212137291233367,
    0.0018784388198623083,
    0.0050634618931128215,
    0.0011070876995568633,
    0.0,
    0.0027634005214947502,
    0.0023860962286131756
  ]
}