{
  "iteration": 119,
  "timestamp": "2026-04-11T14:17:22.227379",
  "git_hash": "88e6951",
  "hypothesis": "EWM for ALL variables (not just mood/activity/screen) captures recent trends across all channels.",
  "change_summary": "Add EWM(span=7) for top 10 variables",
  "classification": {
    "xgboost": {
      "accuracy": 0.7323943661971831,
      "f1_macro": 0.6890399097901816,
      "per_class_f1": [
        0.8440860215053764,
        0.65,
        0.5730337078651685
      ],
      "per_class_precision": [
        0.8263157894736842,
        0.7323943661971831,
        0.5425531914893617
      ],
      "per_class_recall": [
        0.8626373626373627,
        0.5842696629213483,
        0.6071428571428571
      ],
      "confusion_matrix": [
        [
          157,
          7,
          18
        ],
        [
          12,
          52,
          25
        ],
        [
          21,
          12,
          51
        ]
      ]
    },
    "gru": {
      "accuracy": 0.6676056338028169,
      "f1_macro": 0.5932321005084882,
      "per_class_f1": [
        0.8524590163934426,
        0.42962962962962964,
        0.49760765550239233
      ],
      "per_class_precision": [
        0.8478260869565217,
        0.6304347826086957,
        0.416
      ],
      "per_class_recall": [
        0.8571428571428571,
        0.3258426966292135,
        0.6190476190476191
      ],
      "confusion_matrix": [
        [
          156,
          3,
          23
        ],
        [
          10,
          29,
          50
        ],
        [
          18,
          14,
          52
        ]
      ]
    }
  },
  "regression": {
    "gb": {
      "mse": 0.2749295519464336,
      "rmse": 0.5243372501991763,
      "mae": 0.35300157720671244,
      "r2": 0.4707575559643954
    },
    "gru": {
      "mse": 0.25062450766563416,
      "rmse": 0.5006241181421788,
      "mae": 0.3401634097099304,
      "r2": 0.5175449848175049
    }
  },
  "baselines": {},
  "n_features": 106,
  "n_train_samples": 1610,
  "n_test_samples": 355,
  "pipeline_config": {
    "iteration": 119,
    "seed": 42,
    "outlier_method": "iqr",
    "iqr_multiplier": 3.0,
    "imputation_method": "linear",
    "max_gap_days": null,
    "log_transform_durations": false,
    "window_sizes": [
      7
    ],
    "n_lags": 5,
    "agg_functions": [
      "mean",
      "std",
      "min",
      "max",
      "trend"
    ],
    "include_volatility": true,
    "include_interactions": true,
    "include_ema": false,
    "include_day_changes": false,
    "include_ratios": false,
    "include_autocorrelation": false,
    "ema_weighted_agg": false,
    "patient_normalize": false,
    "log_transform_before_agg": true,
    "tabular_cls": "xgboost",
    "tabular_reg": "gb",
    "temporal": "gru",
    "temporal_params": null,
    "cls_class_weight": false,
    "reg_loss": null,
    "n_classes": 3,
    "split_method": "leave_patients_out",
    "test_fraction": 0.2,
    "n_train": 1610,
    "n_test": 355,
    "n_features": 106
  },
  "q33": 7.0,
  "q66": 7.4,
  "feature_cols": [
    "activity_mean",
    "activity_std",
    "activity_min",
    "activity_max",
    "activity_trend",
    "circumplex.arousal_mean",
    "circumplex.arousal_std",
    "circumplex.arousal_min",
    "circumplex.arousal_max",
    "circumplex.arousal_trend",
    "circumplex.valence_mean",
    "circumplex.valence_std",
    "circumplex.valence_min",
    "circumplex.valence_max",
    "circumplex.valence_trend",
    "mood_mean",
    "mood_std",
    "mood_min",
    "mood_max",
    "mood_trend"
  ],
  "cls_importances_top10": [
    0.004741889890283346,
    0.007215337362140417,
    0.006146658211946487,
    0.006518966052681208,
    0.005255579948425293,
    0.006620081607252359,
    0.00897548533976078,
    0.0037742340937256813,
    0.004503114148974419,
    0.005425073206424713
  ],
  "reg_importances_top10": [
    0.0011646090351418443,
    0.004575336321888265,
    0.005780498634489322,
    0.0,
    0.0018387265610874792,
    0.005328692956003773,
    6.881898330727301e-05,
    1.705113607584126e-05,
    0.0016862764170117086,
    0.0026074890237433404
  ]
}