{
  "iteration": 82,
  "timestamp": "2026-04-11T11:01:03.663351",
  "git_hash": "88e6951",
  "hypothesis": "10 seeds give robust performance estimate with 95% CI.",
  "change_summary": "Final robustness: 10 different holdout sets",
  "classification": {
    "xgboost": {
      "f1_macro": 0.6662650471304732,
      "f1_std": 0.040386050959834864,
      "accuracy": 0.6662650471304732,
      "per_class_f1": [
        0.6835086429960345,
        0.7186794760785608,
        0.6305122143420016,
        0.7002855288074324,
        0.5788517297325587,
        0.6685759665789096,
        0.6380117451606501,
        0.7101173682070052,
        0.6518698486095328,
        0.6822379507920457
      ]
    },
    "gru": {
      "f1_macro": 0.5322642344540266,
      "f1_std": 0.08882817779035762,
      "accuracy": 0.5322642344540266,
      "per_class_f1": [
        0.5932321005084882,
        0.7300408090418284,
        0.5002969140743486,
        0.6040327445963095,
        0.45820069595230484,
        0.5452721317902804,
        0.45968302060021804,
        0.44815373144005705,
        0.4261468889615343,
        0.5575833075748972
      ]
    }
  },
  "regression": {
    "gb": {
      "r2": 0.4288282627290247,
      "r2_std": 0.11830974580216329,
      "rmse": 0,
      "mae": 0,
      "mse": 0
    },
    "gru": {
      "r2": 0.33246427178382876,
      "r2_std": 0.19621834519718734,
      "rmse": 0,
      "mae": 0,
      "mse": 0
    }
  },
  "baselines": {},
  "n_features": 0,
  "n_train_samples": 0,
  "n_test_samples": 0,
  "per_seed_results": [
    {
      "seed": 42,
      "xgb_cls_f1": 0.6835086429960345,
      "gb_reg_r2": 0.4834303908006602,
      "gru_cls_f1": 0.5932321005084882,
      "gru_reg_r2": 0.5175449848175049,
      "holdout_patients": [
        "AS14.12",
        "AS14.17",
        "AS14.13",
        "AS14.28",
        "AS14.01"
      ]
    },
    {
      "seed": 123,
      "xgb_cls_f1": 0.7186794760785608,
      "gb_reg_r2": 0.3974465499284897,
      "gru_cls_f1": 0.7300408090418284,
      "gru_reg_r2": 0.24137932062149048,
      "holdout_patients": [
        "AS14.30",
        "AS14.07",
        "AS14.09",
        "AS14.12",
        "AS14.31"
      ]
    },
    {
      "seed": 456,
      "xgb_cls_f1": 0.6305122143420016,
      "gb_reg_r2": 0.4026735463951051,
      "gru_cls_f1": 0.5002969140743486,
      "gru_reg_r2": 0.43512237071990967,
      "holdout_patients": [
        "AS14.23",
        "AS14.08",
        "AS14.28",
        "AS14.29",
        "AS14.13"
      ]
    },
    {
      "seed": 789,
      "xgb_cls_f1": 0.7002855288074324,
      "gb_reg_r2": 0.5720031437649857,
      "gru_cls_f1": 0.6040327445963095,
      "gru_reg_r2": 0.38120728731155396,
      "holdout_patients": [
        "AS14.03",
        "AS14.08",
        "AS14.29",
        "AS14.07",
        "AS14.09"
      ]
    },
    {
      "seed": 1024,
      "xgb_cls_f1": 0.5788517297325587,
      "gb_reg_r2": 0.40529650922782046,
      "gru_cls_f1": 0.45820069595230484,
      "gru_reg_r2": 0.3884347677230835,
      "holdout_patients": [
        "AS14.28",
        "AS14.06",
        "AS14.31",
        "AS14.12",
        "AS14.08"
      ]
    },
    {
      "seed": 2048,
      "xgb_cls_f1": 0.6685759665789096,
      "gb_reg_r2": 0.5697012991236532,
      "gru_cls_f1": 0.5452721317902804,
      "gru_reg_r2": 0.4899994134902954,
      "holdout_patients": [
        "AS14.23",
        "AS14.29",
        "AS14.20",
        "AS14.14",
        "AS14.16"
      ]
    },
    {
      "seed": 3141,
      "xgb_cls_f1": 0.6380117451606501,
      "gb_reg_r2": 0.41603482944938275,
      "gru_cls_f1": 0.45968302060021804,
      "gru_reg_r2": 0.5202142000198364,
      "holdout_patients": [
        "AS14.23",
        "AS14.08",
        "AS14.07",
        "AS14.19",
        "AS14.01"
      ]
    },
    {
      "seed": 4096,
      "xgb_cls_f1": 0.7101173682070052,
      "gb_reg_r2": 0.4338397061481014,
      "gru_cls_f1": 0.44815373144005705,
      "gru_reg_r2": 0.3756118416786194,
      "holdout_patients": [
        "AS14.29",
        "AS14.23",
        "AS14.33",
        "AS14.05",
        "AS14.13"
      ]
    },
    {
      "seed": 5555,
      "xgb_cls_f1": 0.6518698486095328,
      "gb_reg_r2": 0.12639676720017834,
      "gru_cls_f1": 0.4261468889615343,
      "gru_reg_r2": 0.10283935070037842,
      "holdout_patients": [
        "AS14.15",
        "AS14.13",
        "AS14.06",
        "AS14.33",
        "AS14.24"
      ]
    },
    {
      "seed": 6789,
      "xgb_cls_f1": 0.6822379507920457,
      "gb_reg_r2": 0.48145988525187056,
      "gru_cls_f1": 0.5575833075748972,
      "gru_reg_r2": -0.12771081924438477,
      "holdout_patients": [
        "AS14.15",
        "AS14.28",
        "AS14.26",
        "AS14.23",
        "AS14.12"
      ]
    }
  ],
  "n_seeds": 10
}