{
  "iteration": 144,
  "timestamp": "2026-04-11T14:38:08.580343",
  "git_hash": "88e6951",
  "hypothesis": "Per-patient ElasticNet with top-15 features is simpler than XGBoost for small samples.",
  "change_summary": "Per-patient ElasticNet with top 15 correlated features",
  "classification": {
    "elasticnet_per_patient": {
      "accuracy": 0.6788732394366197,
      "f1_macro": 0.6026249488338187,
      "per_class_f1": [
        0.38095238095238093,
        0.5665236051502146,
        0.8603988603988604
      ],
      "per_class_precision": [
        0.96,
        0.4342105263157895,
        0.848314606741573
      ],
      "per_class_recall": [
        0.2376237623762376,
        0.8148148148148148,
        0.8728323699421965
      ],
      "confusion_matrix": [
        [
          24,
          65,
          12
        ],
        [
          0,
          66,
          15
        ],
        [
          1,
          21,
          151
        ]
      ]
    }
  },
  "regression": {
    "elasticnet_per_patient": {
      "mse": 0.33817469201610395,
      "rmse": 0.5815278944436836,
      "mae": 0.4432480532583976,
      "r2": 0.3490099582002668
    }
  },
  "baselines": {},
  "n_features": 15,
  "n_train_samples": 1610,
  "n_test_samples": 355
}