{
  "iteration": 1,
  "timestamp": "2026-04-10T21:20:32.772712",
  "git_hash": "1e9ea66",
  "hypothesis": "Reducing from 101 features to top 30 by mutual information will improve RF F1\nby removing noise features, especially sparse appCat aggregations. Expected\nimprovement: +3-5% F1 for RF. LSTM unaffected (uses raw daily data).",
  "change_summary": "- Apply SelectKBest(mutual_info_regression, k=30) on training set\n- Retrain RF and GB with reduced feature set\n- LSTM stays on raw daily data (unchanged)",
  "classification": {
    "rf": {
      "accuracy": 0.46808510638297873,
      "f1_macro": 0.3652024117140396,
      "per_class_f1": [
        0.6511627906976745,
        0.4444444444444444,
        0.0
      ],
      "per_class_precision": [
        0.6363636363636364,
        0.38095238095238093,
        0.0
      ],
      "per_class_recall": [
        0.6666666666666666,
        0.5333333333333333,
        0.0
      ],
      "confusion_matrix": [
        [
          14,
          5,
          2
        ],
        [
          5,
          8,
          2
        ],
        [
          3,
          8,
          0
        ]
      ]
    },
    "lstm": {
      "accuracy": 0.36,
      "f1_macro": 0.1818181818181818,
      "per_class_f1": [
        0.5454545454545454,
        0.0,
        0.0
      ],
      "per_class_precision": [
        0.4090909090909091,
        0.0,
        0.0
      ],
      "per_class_recall": [
        0.8181818181818182,
        0.0,
        0.0
      ],
      "confusion_matrix": [
        [
          18,
          1,
          3
        ],
        [
          15,
          0,
          2
        ],
        [
          11,
          0,
          0
        ]
      ]
    }
  },
  "regression": {
    "gb": {
      "mse": 0.35983249905222814,
      "rmse": 0.599860399636639,
      "mae": 0.44537032626961426,
      "r2": 0.17063102478806202
    },
    "lstm": {
      "mse": 0.6049817204475403,
      "rmse": 0.777805708675078,
      "mae": 0.5712140798568726,
      "r2": -0.4166996479034424
    }
  },
  "baselines": {},
  "n_features": 30,
  "n_train_samples": 1918,
  "n_test_samples": 47
}