{
  "iteration": 27,
  "timestamp": "2026-04-10T23:09:47.533342",
  "git_hash": "f611091",
  "hypothesis": "Combine volatility + interactions + log-transform + 5 lags. All small improvements may compound.",
  "change_summary": "Combined: log_transform + 5 lags + volatility + interactions. Everything that helped or was neutral.",
  "classification": {
    "xgboost": {
      "accuracy": 0.7352112676056338,
      "f1_macro": 0.6959327916031827,
      "per_class_f1": [
        0.8491620111731844,
        0.6477272727272727,
        0.5909090909090909
      ],
      "per_class_precision": [
        0.8587570621468926,
        0.6627906976744186,
        0.5652173913043478
      ],
      "per_class_recall": [
        0.8397790055248618,
        0.6333333333333333,
        0.6190476190476191
      ],
      "confusion_matrix": [
        [
          152,
          12,
          17
        ],
        [
          10,
          57,
          23
        ],
        [
          15,
          17,
          52
        ]
      ]
    },
    "gru": {
      "accuracy": 0.5774647887323944,
      "f1_macro": 0.47546418080096836,
      "per_class_f1": [
        0.77,
        0.3247863247863248,
        0.3316062176165803
      ],
      "per_class_precision": [
        0.7031963470319634,
        0.7037037037037037,
        0.29357798165137616
      ],
      "per_class_recall": [
        0.850828729281768,
        0.2111111111111111,
        0.38095238095238093
      ],
      "confusion_matrix": [
        [
          154,
          1,
          26
        ],
        [
          20,
          19,
          51
        ],
        [
          45,
          7,
          32
        ]
      ]
    }
  },
  "regression": {
    "gb": {
      "mse": 0.32224283097380574,
      "rmse": 0.5676643647207439,
      "mae": 0.40942469690400163,
      "r2": 0.42862985375914675
    },
    "gru": {
      "mse": 0.3233383595943451,
      "rmse": 0.5686284899601365,
      "mae": 0.38876333832740784,
      "r2": 0.4266873002052307
    }
  },
  "baselines": {},
  "n_features": 109,
  "n_train_samples": 1610,
  "n_test_samples": 355,
  "pipeline_config": {
    "iteration": 27,
    "seed": 42,
    "outlier_method": "iqr",
    "iqr_multiplier": 3.0,
    "imputation_method": "ffill",
    "max_gap_days": null,
    "log_transform_durations": false,
    "window_sizes": [
      7
    ],
    "n_lags": 5,
    "agg_functions": [
      "mean",
      "std",
      "min",
      "max",
      "trend"
    ],
    "include_volatility": true,
    "include_interactions": true,
    "patient_normalize": false,
    "log_transform_before_agg": true,
    "tabular_cls": "xgboost",
    "tabular_reg": "gb",
    "temporal": "gru",
    "split_method": "leave_patients_out",
    "test_fraction": 0.2,
    "n_train": 1610,
    "n_test": 355,
    "n_features": 109
  },
  "q33": 7.0,
  "q66": 7.4,
  "feature_cols": [
    "activity_mean",
    "activity_std",
    "activity_min",
    "activity_max",
    "activity_trend",
    "circumplex.arousal_mean",
    "circumplex.arousal_std",
    "circumplex.arousal_min",
    "circumplex.arousal_max",
    "circumplex.arousal_trend",
    "circumplex.valence_mean",
    "circumplex.valence_std",
    "circumplex.valence_min",
    "circumplex.valence_max",
    "circumplex.valence_trend",
    "mood_mean",
    "mood_std",
    "mood_min",
    "mood_max",
    "mood_trend"
  ],
  "cls_importances_top10": [
    0.007021931000053883,
    0.008060624822974205,
    0.005570266395807266,
    0.007845878601074219,
    0.004651752766221762,
    0.005838684272021055,
    0.014139699749648571,
    0.007993635721504688,
    0.007339680101722479,
    0.004947783425450325
  ],
  "reg_importances_top10": [
    0.0003908217169034658,
    0.00452310247712492,
    0.017310621990265125,
    0.0001939249927668005,
    0.001403395429484345,
    0.005028618388360081,
    0.0010276841230366606,
    0.0,
    0.00403705164522413,
    0.0003386554546385763
  ]
}