{
  "iteration": 77,
  "timestamp": "2026-04-11T10:33:53.400833",
  "git_hash": "88e6951",
  "hypothesis": "LOOCV (27 folds) gives most robust performance estimate.",
  "change_summary": "Leave-one-patient-out: train on 26, test on 1, repeat for all 27",
  "classification": {
    "xgboost": {
      "f1_macro": 0.500466389531935,
      "f1_std": 0.13916572352958484,
      "accuracy": 0.500466389531935,
      "per_class_f1": [
        0.5818181818181819,
        0.4268801374064532,
        0.5800756620428751,
        0.5833742833742833,
        0.45432031099337206,
        0.3428571428571429,
        0.3598812185112275,
        0.5249425287356322,
        0.3208020050125313,
        0.5503308951584813,
        0.38035527690700105,
        0.5637397697322791,
        0.6216758782796519,
        0.5640793903951798,
        0.508099308099308,
        0.37207602339181284,
        0.6142533936651584,
        0.3743128435782109,
        0.5257545039476503,
        0.5195504337166904,
        0.40578195750609547,
        0.473148399144604,
        0.5375503435204928,
        0.9115448504983389,
        0.18867924528301885,
        0.4924812030075188,
        0.7342273307790549
      ]
    }
  },
  "regression": {
    "gb": {
      "r2": 0.11404759918122646,
      "r2_std": 0.3725054447047543,
      "rmse": 0,
      "mae": 0,
      "mse": 0
    }
  },
  "baselines": {},
  "n_features": 96,
  "n_train_samples": 1965,
  "n_test_samples": 0,
  "loocv_cls_per_patient": [
    0.5818181818181819,
    0.4268801374064532,
    0.5800756620428751,
    0.5833742833742833,
    0.45432031099337206,
    0.3428571428571429,
    0.3598812185112275,
    0.5249425287356322,
    0.3208020050125313,
    0.5503308951584813,
    0.38035527690700105,
    0.5637397697322791,
    0.6216758782796519,
    0.5640793903951798,
    0.508099308099308,
    0.37207602339181284,
    0.6142533936651584,
    0.3743128435782109,
    0.5257545039476503,
    0.5195504337166904,
    0.40578195750609547,
    0.473148399144604,
    0.5375503435204928,
    0.9115448504983389,
    0.18867924528301885,
    0.4924812030075188,
    0.7342273307790549
  ],
  "loocv_reg_per_patient": [
    0.5673614423300328,
    -0.005141811448339029,
    0.6751968336524632,
    0.4047969131326833,
    -0.37111091797539664,
    -0.31723192113814735,
    0.17037215551747287,
    0.16898224885719149,
    0.17717890637798317,
    0.12364025768968501,
    0.11464805262943256,
    -1.16668955063448,
    0.6026228952126642,
    -0.10173127531298509,
    0.45875082804026956,
    -0.12095896996323985,
    0.3270721128855265,
    -0.018541421864544994,
    0.6870239682542569,
    0.03691231965473163,
    -0.14435570220196547,
    0.3034755861193743,
    0.14077371468868383,
    -0.06852876333865576,
    -0.04707616820841931,
    0.2861102795457092,
    0.1957331653911275
  ],
  "n_patients": 27
}