{
  "iteration": 138,
  "timestamp": "2026-04-11T14:33:13.378037",
  "git_hash": "88e6951",
  "hypothesis": "ARIMA tests whether mood is so autoregressive that ML adds nothing.",
  "change_summary": "Per-patient ARIMA(2,0,1) walk-forward",
  "classification": {},
  "regression": {
    "arima": {
      "mse": 0.3625198157414557,
      "rmse": 0.6020961847923102,
      "mae": 0.444637800837484,
      "r2": 0.29185114985239
    }
  },
  "baselines": {},
  "n_features": 1,
  "n_train_samples": 0,
  "n_test_samples": 444,
  "patient_results": {
    "AS14.01": {
      "mse": 0.11325869161706942,
      "rmse": 0.33653928688500756,
      "mae": 0.290019285053351,
      "r2": -0.32167407653423474
    },
    "AS14.02": {
      "mse": 1.0141749345465914,
      "rmse": 1.0070625276250682,
      "mae": 0.8057559367086935,
      "r2": 0.09591097371746293
    },
    "AS14.03": {
      "mse": 0.1461668152850058,
      "rmse": 0.3823176889512252,
      "mae": 0.23827414302723207,
      "r2": -1.5083620001735238
    },
    "AS14.05": {
      "mse": 0.07745926042481285,
      "rmse": 0.2783150380860022,
      "mae": 0.19126830936323075,
      "r2": 0.20227011289340924
    },
    "AS14.06": {
      "mse": 0.24405369611143932,
      "rmse": 0.49401791071927675,
      "mae": 0.4005341988273403,
      "r2": -0.17606433242245956
    },
    "AS14.07": {
      "mse": 0.972499342573012,
      "rmse": 0.98615381283703,
      "mae": 0.78626050682885,
      "r2": -0.20008557025967355
    },
    "AS14.08": {
      "mse": 0.2510607925013886,
      "rmse": 0.5010596696017238,
      "mae": 0.46729117535265674,
      "r2": 0.06041450378965052
    },
    "AS14.09": {
      "mse": 0.4194250583467788,
      "rmse": 0.6476303408170272,
      "mae": 0.5821770438623797,
      "r2": -0.23572085590281344
    },
    "AS14.12": {
      "mse": 0.33386904588180233,
      "rmse": 0.5778140236112328,
      "mae": 0.5118873409828649,
      "r2": -0.26067297091694197
    },
    "AS14.13": {
      "mse": 0.7318607874062839,
      "rmse": 0.8554886249426604,
      "mae": 0.7149134581727216,
      "r2": -0.3962859336382629
    },
    "AS14.14": {
      "mse": 0.19991738187984276,
      "rmse": 0.44712121609228384,
      "mae": 0.2902612959625823,
      "r2": 0.17421732552326574
    },
    "AS14.15": {
      "mse": 0.10484134433222388,
      "rmse": 0.32379213136242807,
      "mae": 0.21480809015800256,
      "r2": -0.1872707097183659
    },
    "AS14.16": {
      "mse": 0.4585587780208964,
      "rmse": 0.6771696818530023,
      "mae": 0.5336835798901587,
      "r2": -0.4079463545123023
    },
    "AS14.17": {
      "mse": 0.17886286912753402,
      "rmse": 0.42292182389601746,
      "mae": 0.3189656009555132,
      "r2": -0.36583887087078293
    },
    "AS14.19": {
      "mse": 0.49744481128420237,
      "rmse": 0.7052976756548984,
      "mae": 0.6038889503875904,
      "r2": -0.8430992621877047
    },
    "AS14.20": {
      "mse": 0.08259109120876748,
      "rmse": 0.28738665802150154,
      "mae": 0.22142304523481648,
      "r2": -0.08464360547765826
    },
    "AS14.23": {
      "mse": 0.47037239491840976,
      "rmse": 0.6858370031708771,
      "mae": 0.544938220353324,
      "r2": 0.3630166467461229
    },
    "AS14.24": {
      "mse": 0.23871032790852723,
      "rmse": 0.48857990944013163,
      "mae": 0.40453675265771544,
      "r2": -0.13246127303848865
    },
    "AS14.25": {
      "mse": 0.4979645743452708,
      "rmse": 0.7056660501577717,
      "mae": 0.5441164685575195,
      "r2": -0.6303073904400494
    },
    "AS14.26": {
      "mse": 0.5475899575033102,
      "rmse": 0.7399932144981535,
      "mae": 0.6233028024316547,
      "r2": -0.07614603947843057
    },
    "AS14.27": {
      "mse": 0.28804252237881955,
      "rmse": 0.5366959310250261,
      "mae": 0.48029128509625313,
      "r2": -0.2488395189447019
    },
    "AS14.28": {
      "mse": 0.24214642606853876,
      "rmse": 0.49208375920013736,
      "mae": 0.37435395117052883,
      "r2": 0.06866070608828168
    },
    "AS14.29": {
      "mse": 0.30723743361996886,
      "rmse": 0.5542900266286314,
      "mae": 0.42102673178794586,
      "r2": -0.24789931669637655
    },
    "AS14.30": {
      "mse": 0.04687838792739048,
      "rmse": 0.2165141748879054,
      "mae": 0.17972813362491258,
      "r2": -0.35182960398895813
    },
    "AS14.31": {
      "mse": 0.024664223953670843,
      "rmse": 0.1570484764449208,
      "mae": 0.09735134334994244,
      "r2": -0.19369512015691348
    },
    "AS14.32": {
      "mse": 0.5216934668854265,
      "rmse": 0.7222835086622333,
      "mae": 0.5715277159543561,
      "r2": -0.38086241549816635
    },
    "AS14.33": {
      "mse": 0.9095412620579344,
      "rmse": 0.9536987270925418,
      "mae": 0.6824527559950694,
      "r2": -1.0742956207327574
    }
  }
}