{
  "iteration": 70,
  "timestamp": "2026-04-11T10:25:34.746264",
  "git_hash": "88e6951",
  "hypothesis": "Day-over-day changes capture behavioral shifts that absolute levels miss.",
  "change_summary": "Added day-over-day change features for top 6 variables",
  "classification": {
    "xgboost": {
      "accuracy": 0.7352112676056338,
      "f1_macro": 0.6920763786522933,
      "per_class_f1": [
        0.8501362397820164,
        0.625,
        0.6010928961748634
      ],
      "per_class_precision": [
        0.8432432432432433,
        0.704225352112676,
        0.5555555555555556
      ],
      "per_class_recall": [
        0.8571428571428571,
        0.5617977528089888,
        0.6547619047619048
      ],
      "confusion_matrix": [
        [
          156,
          9,
          17
        ],
        [
          12,
          50,
          27
        ],
        [
          17,
          12,
          55
        ]
      ]
    },
    "gru": {
      "accuracy": 0.6676056338028169,
      "f1_macro": 0.5932321005084882,
      "per_class_f1": [
        0.8524590163934426,
        0.42962962962962964,
        0.49760765550239233
      ],
      "per_class_precision": [
        0.8478260869565217,
        0.6304347826086957,
        0.416
      ],
      "per_class_recall": [
        0.8571428571428571,
        0.3258426966292135,
        0.6190476190476191
      ],
      "confusion_matrix": [
        [
          156,
          3,
          23
        ],
        [
          10,
          29,
          50
        ],
        [
          18,
          14,
          52
        ]
      ]
    }
  },
  "regression": {
    "gb": {
      "mse": 0.27097294994697596,
      "rmse": 0.5205506218870322,
      "mae": 0.34327348049930184,
      "r2": 0.4783740588010098
    },
    "gru": {
      "mse": 0.25062450766563416,
      "rmse": 0.5006241181421788,
      "mae": 0.3401634097099304,
      "r2": 0.5175449848175049
    }
  },
  "baselines": {},
  "n_features": 102,
  "n_train_samples": 1610,
  "n_test_samples": 355,
  "pipeline_config": {
    "iteration": 70,
    "seed": 42,
    "outlier_method": "iqr",
    "iqr_multiplier": 3.0,
    "imputation_method": "linear",
    "max_gap_days": null,
    "log_transform_durations": false,
    "window_sizes": [
      7
    ],
    "n_lags": 5,
    "agg_functions": [
      "mean",
      "std",
      "min",
      "max",
      "trend"
    ],
    "include_volatility": true,
    "include_interactions": true,
    "include_ema": false,
    "include_day_changes": true,
    "include_ratios": false,
    "include_autocorrelation": false,
    "ema_weighted_agg": false,
    "patient_normalize": false,
    "log_transform_before_agg": true,
    "tabular_cls": "xgboost",
    "tabular_reg": "gb",
    "temporal": "gru",
    "temporal_params": null,
    "cls_class_weight": false,
    "reg_loss": null,
    "split_method": "leave_patients_out",
    "test_fraction": 0.2,
    "n_train": 1610,
    "n_test": 355,
    "n_features": 102
  },
  "q33": 7.0,
  "q66": 7.4,
  "feature_cols": [
    "activity_mean",
    "activity_std",
    "activity_min",
    "activity_max",
    "activity_trend",
    "circumplex.arousal_mean",
    "circumplex.arousal_std",
    "circumplex.arousal_min",
    "circumplex.arousal_max",
    "circumplex.arousal_trend",
    "circumplex.valence_mean",
    "circumplex.valence_std",
    "circumplex.valence_min",
    "circumplex.valence_max",
    "circumplex.valence_trend",
    "mood_mean",
    "mood_std",
    "mood_min",
    "mood_max",
    "mood_trend"
  ],
  "cls_importances_top10": [
    0.00773968081921339,
    0.009109723381698132,
    0.0049929432570934296,
    0.006764465942978859,
    0.0051300483755767345,
    0.0063040368258953094,
    0.011857795529067516,
    0.003967398777604103,
    0.005546411965042353,
    0.005389475263655186
  ],
  "reg_importances_top10": [
    0.00011964447384108044,
    0.002622883616026623,
    0.008127387159282098,
    0.00035185813662979735,
    0.0012511202368878443,
    0.005338094614858163,
    0.0018241800407222271,
    0.0,
    0.00356483624898,
    0.0019723259751015985
  ]
}