{
  "iteration": 52,
  "timestamp": "2026-04-11T09:10:19.640789",
  "git_hash": "048bd35",
  "hypothesis": "Combine ALL EDA-driven features: morning/evening + drop sparse + lagged valence + momentum.",
  "change_summary": "Combined: morning_evening + drop_sparse + lagged_valence + momentum. All EDA features.",
  "classification": {
    "xgboost": {
      "accuracy": 0.7154929577464789,
      "f1_macro": 0.6673545658938966,
      "per_class_f1": [
        0.8446866485013624,
        0.6,
        0.5573770491803278
      ],
      "per_class_precision": [
        0.8333333333333334,
        0.6857142857142857,
        0.5151515151515151
      ],
      "per_class_recall": [
        0.856353591160221,
        0.5333333333333333,
        0.6071428571428571
      ],
      "confusion_matrix": [
        [
          155,
          7,
          19
        ],
        [
          13,
          48,
          29
        ],
        [
          18,
          15,
          51
        ]
      ]
    },
    "gru": {
      "accuracy": 0.6732394366197183,
      "f1_macro": 0.6035130328608589,
      "per_class_f1": [
        0.8516483516483516,
        0.4492753623188406,
        0.5096153846153846
      ],
      "per_class_precision": [
        0.8469945355191257,
        0.6458333333333334,
        0.4274193548387097
      ],
      "per_class_recall": [
        0.856353591160221,
        0.34444444444444444,
        0.6309523809523809
      ],
      "confusion_matrix": [
        [
          155,
          4,
          22
        ],
        [
          10,
          31,
          49
        ],
        [
          18,
          13,
          53
        ]
      ]
    }
  },
  "regression": {
    "gb": {
      "mse": 0.3064551206175882,
      "rmse": 0.5535838876065561,
      "mae": 0.37582557268776523,
      "r2": 0.4566231107317853
    },
    "gru": {
      "mse": 0.2618598937988281,
      "rmse": 0.5117224773242115,
      "mae": 0.3448915183544159,
      "r2": 0.5356950759887695
    }
  },
  "baselines": {},
  "n_features": 94,
  "n_train_samples": 1610,
  "n_test_samples": 355,
  "pipeline_config": {
    "iteration": 52,
    "seed": 42,
    "outlier_method": "iqr",
    "iqr_multiplier": 3.0,
    "imputation_method": "ffill",
    "max_gap_days": null,
    "log_transform_durations": false,
    "window_sizes": [
      7
    ],
    "n_lags": 3,
    "agg_functions": [
      "mean",
      "std",
      "min",
      "max",
      "trend"
    ],
    "include_volatility": true,
    "include_interactions": true,
    "patient_normalize": false,
    "log_transform_before_agg": false,
    "tabular_cls": "xgboost",
    "tabular_reg": "gb",
    "temporal": "gru",
    "split_method": "leave_patients_out",
    "test_fraction": 0.2,
    "n_train": 1610,
    "n_test": 355,
    "n_features": 94
  },
  "q33": 7.0,
  "q66": 7.4,
  "feature_cols": [
    "activity_mean",
    "activity_std",
    "activity_min",
    "activity_max",
    "activity_trend",
    "circumplex.arousal_mean",
    "circumplex.arousal_std",
    "circumplex.arousal_min",
    "circumplex.arousal_max",
    "circumplex.arousal_trend",
    "circumplex.valence_mean",
    "circumplex.valence_std",
    "circumplex.valence_min",
    "circumplex.valence_max",
    "circumplex.valence_trend",
    "mood_mean",
    "mood_std",
    "mood_min",
    "mood_max",
    "mood_trend"
  ],
  "cls_importances_top10": [
    0.008358566090464592,
    0.009861152619123459,
    0.006544171832501888,
    0.007754889316856861,
    0.0061248550191521645,
    0.00557553768157959,
    0.011912865564227104,
    0.00486416881904006,
    0.0058775488287210464,
    0.005748075898736715
  ],
  "reg_importances_top10": [
    0.0025704946756870835,
    0.0065074915410045986,
    0.014573658918660951,
    0.0,
    0.006478740261411158,
    0.005046827769395599,
    0.0018791695567763967,
    0.0004538700002828459,
    0.002534162425671532,
    0.0018070303530650534
  ]
}