{
  "iteration": 48,
  "timestamp": "2026-04-11T09:05:55.331994",
  "git_hash": "048bd35",
  "hypothesis": "Mood cluster (from rolling mean, no leakage) helps model learn cluster-specific patterns.",
  "change_summary": "include_mood_cluster=True. Discretizes mood_mean into low/mid/high cluster.",
  "classification": {
    "xgboost": {
      "accuracy": 0.7098591549295775,
      "f1_macro": 0.6658345807227816,
      "per_class_f1": [
        0.825136612021858,
        0.6214689265536724,
        0.5508982035928144
      ],
      "per_class_precision": [
        0.8162162162162162,
        0.632183908045977,
        0.5542168674698795
      ],
      "per_class_recall": [
        0.8342541436464088,
        0.6111111111111112,
        0.5476190476190477
      ],
      "confusion_matrix": [
        [
          151,
          14,
          16
        ],
        [
          14,
          55,
          21
        ],
        [
          20,
          18,
          46
        ]
      ]
    },
    "gru": {
      "accuracy": 0.5774647887323944,
      "f1_macro": 0.47546418080096836,
      "per_class_f1": [
        0.77,
        0.3247863247863248,
        0.3316062176165803
      ],
      "per_class_precision": [
        0.7031963470319634,
        0.7037037037037037,
        0.29357798165137616
      ],
      "per_class_recall": [
        0.850828729281768,
        0.2111111111111111,
        0.38095238095238093
      ],
      "confusion_matrix": [
        [
          154,
          1,
          26
        ],
        [
          20,
          19,
          51
        ],
        [
          45,
          7,
          32
        ]
      ]
    }
  },
  "regression": {
    "gb": {
      "mse": 0.3204332818953223,
      "rmse": 0.5660682661087109,
      "mae": 0.4079462769191183,
      "r2": 0.43183837299440364
    },
    "gru": {
      "mse": 0.3233383595943451,
      "rmse": 0.5686284899601365,
      "mae": 0.38876333832740784,
      "r2": 0.4266873002052307
    }
  },
  "baselines": {},
  "n_features": 108,
  "n_train_samples": 1610,
  "n_test_samples": 355,
  "pipeline_config": {
    "iteration": 48,
    "seed": 42,
    "outlier_method": "iqr",
    "iqr_multiplier": 3.0,
    "imputation_method": "ffill",
    "max_gap_days": null,
    "log_transform_durations": false,
    "window_sizes": [
      7
    ],
    "n_lags": 3,
    "agg_functions": [
      "mean",
      "std",
      "min",
      "max",
      "trend"
    ],
    "include_volatility": true,
    "include_interactions": true,
    "patient_normalize": false,
    "log_transform_before_agg": false,
    "tabular_cls": "xgboost",
    "tabular_reg": "gb",
    "temporal": "gru",
    "split_method": "leave_patients_out",
    "test_fraction": 0.2,
    "n_train": 1610,
    "n_test": 355,
    "n_features": 108
  },
  "q33": 7.0,
  "q66": 7.4,
  "feature_cols": [
    "activity_mean",
    "activity_std",
    "activity_min",
    "activity_max",
    "activity_trend",
    "circumplex.arousal_mean",
    "circumplex.arousal_std",
    "circumplex.arousal_min",
    "circumplex.arousal_max",
    "circumplex.arousal_trend",
    "circumplex.valence_mean",
    "circumplex.valence_std",
    "circumplex.valence_min",
    "circumplex.valence_max",
    "circumplex.valence_trend",
    "mood_mean",
    "mood_std",
    "mood_min",
    "mood_max",
    "mood_trend"
  ],
  "cls_importances_top10": [
    0.004860885441303253,
    0.009701883420348167,
    0.005777372047305107,
    0.004340653773397207,
    0.005616161972284317,
    0.005260322708636522,
    0.014469442889094353,
    0.005221863277256489,
    0.004388565197587013,
    0.005881652235984802
  ],
  "reg_importances_top10": [
    0.0012009773199343579,
    0.005981779918007752,
    0.01972213662852863,
    0.00034968934047055776,
    0.0015867952685985245,
    0.00398053653952189,
    0.0007790528690603711,
    0.0,
    0.002479080436268476,
    0.00025555346484474874
  ]
}