{
  "iteration": 94,
  "timestamp": "2026-04-11T11:34:25.442667",
  "git_hash": "88e6951",
  "hypothesis": "Tomorrow's phone usage (screen, activity, calls, sms) is available before mood is reported.",
  "change_summary": "Added tomorrow's phone features (screen, activity, call, sms of target day)",
  "classification": {
    "xgboost": {
      "accuracy": 0.7380281690140845,
      "f1_macro": 0.6951808999436627,
      "per_class_f1": [
        0.8471849865951743,
        0.6540880503144654,
        0.5842696629213483
      ],
      "per_class_precision": [
        0.8272251308900523,
        0.7428571428571429,
        0.5531914893617021
      ],
      "per_class_recall": [
        0.8681318681318682,
        0.5842696629213483,
        0.6190476190476191
      ],
      "confusion_matrix": [
        [
          158,
          8,
          16
        ],
        [
          11,
          52,
          26
        ],
        [
          22,
          10,
          52
        ]
      ]
    },
    "gru": {
      "accuracy": 0.6676056338028169,
      "f1_macro": 0.5932321005084882,
      "per_class_f1": [
        0.8524590163934426,
        0.42962962962962964,
        0.49760765550239233
      ],
      "per_class_precision": [
        0.8478260869565217,
        0.6304347826086957,
        0.416
      ],
      "per_class_recall": [
        0.8571428571428571,
        0.3258426966292135,
        0.6190476190476191
      ],
      "confusion_matrix": [
        [
          156,
          3,
          23
        ],
        [
          10,
          29,
          50
        ],
        [
          18,
          14,
          52
        ]
      ]
    }
  },
  "regression": {
    "gb": {
      "mse": 0.27730628864646373,
      "rmse": 0.5265987928646093,
      "mae": 0.3560269246051096,
      "r2": 0.46618231139338573
    },
    "gru": {
      "mse": 0.25062450766563416,
      "rmse": 0.5006241181421788,
      "mae": 0.3401634097099304,
      "r2": 0.5175449848175049
    }
  },
  "baselines": {},
  "n_features": 100,
  "n_train_samples": 1610,
  "n_test_samples": 355,
  "pipeline_config": {
    "iteration": 94,
    "seed": 42,
    "outlier_method": "iqr",
    "iqr_multiplier": 3.0,
    "imputation_method": "linear",
    "max_gap_days": null,
    "log_transform_durations": false,
    "window_sizes": [
      7
    ],
    "n_lags": 5,
    "agg_functions": [
      "mean",
      "std",
      "min",
      "max",
      "trend"
    ],
    "include_volatility": true,
    "include_interactions": true,
    "include_ema": false,
    "include_day_changes": false,
    "include_ratios": false,
    "include_autocorrelation": false,
    "ema_weighted_agg": false,
    "patient_normalize": false,
    "log_transform_before_agg": true,
    "tabular_cls": "xgboost",
    "tabular_reg": "gb",
    "temporal": "gru",
    "temporal_params": null,
    "cls_class_weight": false,
    "reg_loss": null,
    "n_classes": 3,
    "split_method": "leave_patients_out",
    "test_fraction": 0.2,
    "n_train": 1610,
    "n_test": 355,
    "n_features": 100
  },
  "q33": 7.0,
  "q66": 7.4,
  "feature_cols": [
    "activity_mean",
    "activity_std",
    "activity_min",
    "activity_max",
    "activity_trend",
    "circumplex.arousal_mean",
    "circumplex.arousal_std",
    "circumplex.arousal_min",
    "circumplex.arousal_max",
    "circumplex.arousal_trend",
    "circumplex.valence_mean",
    "circumplex.valence_std",
    "circumplex.valence_min",
    "circumplex.valence_max",
    "circumplex.valence_trend",
    "mood_mean",
    "mood_std",
    "mood_min",
    "mood_max",
    "mood_trend"
  ],
  "cls_importances_top10": [
    0.007860014215111732,
    0.006908188574016094,
    0.006845180876553059,
    0.005669602192938328,
    0.0059323059394955635,
    0.007404726464301348,
    0.01068727858364582,
    0.0033485768362879753,
    0.0055118403397500515,
    0.005324605852365494
  ],
  "reg_importances_top10": [
    0.0006998272254868271,
    0.004032379602625694,
    0.0080780387420871,
    0.0,
    0.002363113129415483,
    0.0060617871775470785,
    0.00106393061807851,
    0.00013990051151564612,
    0.0017775228980628818,
    0.003145717985127188
  ]
}