{
  "iteration": 76,
  "timestamp": "2026-04-11T10:32:16.443482",
  "git_hash": "88e6951",
  "hypothesis": "XGB and GRU capture different patterns; combining improves overall.",
  "change_summary": "XGB + GRU ensemble (separate predictions, compare complementarity)",
  "classification": {
    "xgboost": {
      "accuracy": 0.7267605633802817,
      "f1_macro": 0.6835086429960345,
      "per_class_f1": [
        0.8401084010840109,
        0.6341463414634146,
        0.576271186440678
      ],
      "per_class_precision": [
        0.8288770053475936,
        0.6933333333333334,
        0.5483870967741935
      ],
      "per_class_recall": [
        0.8516483516483516,
        0.5842696629213483,
        0.6071428571428571
      ],
      "confusion_matrix": [
        [
          155,
          10,
          17
        ],
        [
          12,
          52,
          25
        ],
        [
          20,
          13,
          51
        ]
      ]
    },
    "gru": {
      "accuracy": 0.6676056338028169,
      "f1_macro": 0.5932321005084882,
      "per_class_f1": [
        0.8524590163934426,
        0.42962962962962964,
        0.49760765550239233
      ],
      "per_class_precision": [
        0.8478260869565217,
        0.6304347826086957,
        0.416
      ],
      "per_class_recall": [
        0.8571428571428571,
        0.3258426966292135,
        0.6190476190476191
      ],
      "confusion_matrix": [
        [
          156,
          3,
          23
        ],
        [
          10,
          29,
          50
        ],
        [
          18,
          14,
          52
        ]
      ]
    }
  },
  "regression": {
    "gb": {
      "mse": 0.26834629914293956,
      "rmse": 0.5180215238220701,
      "mae": 0.3421577284525702,
      "r2": 0.4834303908006602
    },
    "gru": {
      "mse": 0.25062450766563416,
      "rmse": 0.5006241181421788,
      "mae": 0.3401634097099304,
      "r2": 0.5175449848175049
    }
  },
  "baselines": {},
  "n_features": 96,
  "n_train_samples": 1610,
  "n_test_samples": 355,
  "ensemble_type": "separate_eval"
}