{
  "iteration": 137,
  "timestamp": "2026-04-11T14:33:03.169650",
  "git_hash": "88e6951",
  "hypothesis": "Per-patient MinMaxScaler preserves relative magnitude within each patient (consensus: 4/5 repos use this).",
  "change_summary": "Per-patient MinMaxScaler instead of global StandardScaler",
  "classification": {
    "xgboost": {
      "accuracy": 0.5802816901408451,
      "f1_macro": 0.44165587260710387,
      "per_class_f1": [
        0.7222222222222222,
        0.3458646616541353,
        0.25688073394495414
      ],
      "per_class_precision": [
        0.5909090909090909,
        0.5227272727272727,
        0.56
      ],
      "per_class_recall": [
        0.9285714285714286,
        0.25842696629213485,
        0.16666666666666666
      ],
      "confusion_matrix": [
        [
          169,
          8,
          5
        ],
        [
          60,
          23,
          6
        ],
        [
          57,
          13,
          14
        ]
      ]
    },
    "gru": {
      "accuracy": 0.6676056338028169,
      "f1_macro": 0.5932321005084882,
      "per_class_f1": [
        0.8524590163934426,
        0.42962962962962964,
        0.49760765550239233
      ],
      "per_class_precision": [
        0.8478260869565217,
        0.6304347826086957,
        0.416
      ],
      "per_class_recall": [
        0.8571428571428571,
        0.3258426966292135,
        0.6190476190476191
      ],
      "confusion_matrix": [
        [
          156,
          3,
          23
        ],
        [
          10,
          29,
          50
        ],
        [
          18,
          14,
          52
        ]
      ]
    }
  },
  "regression": {
    "gb": {
      "mse": 0.4647135898295689,
      "rmse": 0.6816990463757221,
      "mae": 0.5138796891765878,
      "r2": 0.10542117310881194
    },
    "gru": {
      "mse": 0.25062450766563416,
      "rmse": 0.5006241181421788,
      "mae": 0.3401634097099304,
      "r2": 0.5175449848175049
    }
  },
  "baselines": {},
  "n_features": 96,
  "n_train_samples": 1610,
  "n_test_samples": 355,
  "pipeline_config": {
    "iteration": 137,
    "seed": 42,
    "outlier_method": "iqr",
    "iqr_multiplier": 3.0,
    "imputation_method": "linear",
    "max_gap_days": null,
    "log_transform_durations": false,
    "window_sizes": [
      7
    ],
    "n_lags": 5,
    "agg_functions": [
      "mean",
      "std",
      "min",
      "max",
      "trend"
    ],
    "include_volatility": true,
    "include_interactions": true,
    "include_ema": false,
    "include_day_changes": false,
    "include_ratios": false,
    "include_autocorrelation": false,
    "ema_weighted_agg": false,
    "patient_normalize": false,
    "log_transform_before_agg": true,
    "tabular_cls": "xgboost",
    "tabular_reg": "gb",
    "temporal": "gru",
    "temporal_params": null,
    "cls_class_weight": false,
    "reg_loss": null,
    "n_classes": 3,
    "split_method": "leave_patients_out",
    "test_fraction": 0.2,
    "n_train": 1610,
    "n_test": 355,
    "n_features": 96
  },
  "q33": 7.0,
  "q66": 7.4,
  "feature_cols": [
    "activity_mean",
    "activity_std",
    "activity_min",
    "activity_max",
    "activity_trend",
    "circumplex.arousal_mean",
    "circumplex.arousal_std",
    "circumplex.arousal_min",
    "circumplex.arousal_max",
    "circumplex.arousal_trend",
    "circumplex.valence_mean",
    "circumplex.valence_std",
    "circumplex.valence_min",
    "circumplex.valence_max",
    "circumplex.valence_trend",
    "mood_mean",
    "mood_std",
    "mood_min",
    "mood_max",
    "mood_trend"
  ],
  "cls_importances_top10": [
    0.004924565088003874,
    0.006139087490737438,
    0.010033677332103252,
    0.01832447201013565,
    0.008934130892157555,
    0.009036698378622532,
    0.01065853238105774,
    0.012061542831361294,
    0.013866867870092392,
    0.004014454782009125
  ],
  "reg_importances_top10": [
    0.0023064599624724835,
    0.014204617654144797,
    0.030622850584634778,
    0.0015177506792907202,
    0.011499363434967224,
    0.006123987864414626,
    0.004948907663538364,
    0.0013649801332676571,
    0.005174106233756542,
    0.0035731125471921573
  ]
}