{
  "iteration": 115,
  "timestamp": "2026-04-11T14:11:25.415456",
  "git_hash": "88e6951",
  "hypothesis": "Discrete emotional quadrants capture non-linear circumplex patterns.",
  "change_summary": "One-hot encode circumplex quadrants (4 quadrants + center)",
  "classification": {
    "xgboost": {
      "accuracy": 0.7352112676056338,
      "f1_macro": 0.6951382649495855,
      "per_class_f1": [
        0.8409703504043127,
        0.6666666666666666,
        0.5777777777777777
      ],
      "per_class_precision": [
        0.8253968253968254,
        0.7571428571428571,
        0.5416666666666666
      ],
      "per_class_recall": [
        0.8571428571428571,
        0.5955056179775281,
        0.6190476190476191
      ],
      "confusion_matrix": [
        [
          156,
          7,
          19
        ],
        [
          11,
          53,
          25
        ],
        [
          22,
          10,
          52
        ]
      ]
    },
    "gru": {
      "accuracy": 0.6676056338028169,
      "f1_macro": 0.5932321005084882,
      "per_class_f1": [
        0.8524590163934426,
        0.42962962962962964,
        0.49760765550239233
      ],
      "per_class_precision": [
        0.8478260869565217,
        0.6304347826086957,
        0.416
      ],
      "per_class_recall": [
        0.8571428571428571,
        0.3258426966292135,
        0.6190476190476191
      ],
      "confusion_matrix": [
        [
          156,
          3,
          23
        ],
        [
          10,
          29,
          50
        ],
        [
          18,
          14,
          52
        ]
      ]
    }
  },
  "regression": {
    "gb": {
      "mse": 0.26696802417651644,
      "rmse": 0.5166894852583285,
      "mae": 0.3477240967440901,
      "r2": 0.48608358543404395
    },
    "gru": {
      "mse": 0.25062450766563416,
      "rmse": 0.5006241181421788,
      "mae": 0.3401634097099304,
      "r2": 0.5175449848175049
    }
  },
  "baselines": {},
  "n_features": 100,
  "n_train_samples": 1610,
  "n_test_samples": 355,
  "pipeline_config": {
    "iteration": 115,
    "seed": 42,
    "outlier_method": "iqr",
    "iqr_multiplier": 3.0,
    "imputation_method": "linear",
    "max_gap_days": null,
    "log_transform_durations": false,
    "window_sizes": [
      7
    ],
    "n_lags": 5,
    "agg_functions": [
      "mean",
      "std",
      "min",
      "max",
      "trend"
    ],
    "include_volatility": true,
    "include_interactions": true,
    "include_ema": false,
    "include_day_changes": false,
    "include_ratios": false,
    "include_autocorrelation": false,
    "ema_weighted_agg": false,
    "patient_normalize": false,
    "log_transform_before_agg": true,
    "tabular_cls": "xgboost",
    "tabular_reg": "gb",
    "temporal": "gru",
    "temporal_params": null,
    "cls_class_weight": false,
    "reg_loss": null,
    "n_classes": 3,
    "split_method": "leave_patients_out",
    "test_fraction": 0.2,
    "n_train": 1610,
    "n_test": 355,
    "n_features": 100
  },
  "q33": 7.0,
  "q66": 7.4,
  "feature_cols": [
    "activity_mean",
    "activity_std",
    "activity_min",
    "activity_max",
    "activity_trend",
    "circumplex.arousal_mean",
    "circumplex.arousal_std",
    "circumplex.arousal_min",
    "circumplex.arousal_max",
    "circumplex.arousal_trend",
    "circumplex.valence_mean",
    "circumplex.valence_std",
    "circumplex.valence_min",
    "circumplex.valence_max",
    "circumplex.valence_trend",
    "mood_mean",
    "mood_std",
    "mood_min",
    "mood_max",
    "mood_trend"
  ],
  "cls_importances_top10": [
    0.008151238784193993,
    0.007083646487444639,
    0.006567631848156452,
    0.006728770211338997,
    0.006254660431295633,
    0.007096967659890652,
    0.010763742960989475,
    0.0025373524986207485,
    0.00596758583560586,
    0.005899020470678806
  ],
  "reg_importances_top10": [
    0.00125195203225759,
    0.002967725734068941,
    0.007462697940428143,
    9.250310993965234e-05,
    0.0016128984051429593,
    0.005354937690207845,
    0.00274770997385806,
    8.57138668775581e-06,
    0.0024178400326596086,
    0.0021217419960459553
  ]
}