{
  "iteration": 3,
  "timestamp": "2026-04-10T21:29:08.873618",
  "git_hash": "1e9ea66",
  "hypothesis": "Adding 3-day and 14-day window features alongside the 7-day will provide\nmulti-scale temporal context, improving both classification and regression.\nExpected: +2-4% F1, +0.02-0.05 R2. Risk: feature explosion (3x more features)\nbut RF handles high dimensions well.",
  "change_summary": "- Use window_sizes=[3, 7, 14] instead of [7]\n- Keep volatility=True, interactions=True (from iter_02)\n- NOTE: max_window is now 14, so fewer instances are created (need 14 days of history)",
  "classification": {
    "rf": {
      "accuracy": 0.4634146341463415,
      "f1_macro": 0.34684684684684686,
      "per_class_f1": [
        0.5405405405405406,
        0.5,
        0.0
      ],
      "per_class_precision": [
        0.5555555555555556,
        0.4090909090909091,
        0.0
      ],
      "per_class_recall": [
        0.5263157894736842,
        0.6428571428571429,
        0.0
      ],
      "confusion_matrix": [
        [
          10,
          9,
          0
        ],
        [
          4,
          9,
          1
        ],
        [
          4,
          4,
          0
        ]
      ]
    },
    "lstm": {
      "accuracy": 0.36,
      "f1_macro": 0.1818181818181818,
      "per_class_f1": [
        0.5454545454545454,
        0.0,
        0.0
      ],
      "per_class_precision": [
        0.4090909090909091,
        0.0,
        0.0
      ],
      "per_class_recall": [
        0.8181818181818182,
        0.0,
        0.0
      ],
      "confusion_matrix": [
        [
          18,
          1,
          3
        ],
        [
          15,
          0,
          2
        ],
        [
          11,
          0,
          0
        ]
      ]
    }
  },
  "regression": {
    "gb": {
      "mse": 0.38990281677428695,
      "rmse": 0.6244219861394111,
      "mae": 0.4630486368974415,
      "r2": 0.1254623226243382
    },
    "lstm": {
      "mse": 0.6049817204475403,
      "rmse": 0.777805708675078,
      "mae": 0.5712140798568726,
      "r2": -0.4166996479034424
    }
  },
  "baselines": {},
  "n_features": 297,
  "n_train_samples": 1735,
  "n_test_samples": 41
}