{
  "iteration": 152,
  "timestamp": "2026-04-11T14:47:51.034525",
  "git_hash": "88e6951",
  "hypothesis": "Statistical tests confirm our model significantly outperforms baselines.",
  "change_summary": "McNemar + Wilcoxon + Bootstrap 95% CI",
  "classification": {
    "xgboost": {
      "accuracy": 0.7014084507042253,
      "f1_macro": 0.6508369934616568,
      "per_class_f1": [
        0.8191489361702128,
        0.6395348837209303,
        0.49382716049382713
      ],
      "per_class_precision": [
        0.7938144329896907,
        0.6626506024096386,
        0.5128205128205128
      ],
      "per_class_recall": [
        0.8461538461538461,
        0.6179775280898876,
        0.47619047619047616
      ],
      "confusion_matrix": [
        [
          154,
          11,
          17
        ],
        [
          13,
          55,
          21
        ],
        [
          27,
          17,
          40
        ]
      ]
    }
  },
  "regression": {
    "gb": {
      "mse": 0.2775680106661256,
      "rmse": 0.5268472365554607,
      "mae": 0.34881083112325834,
      "r2": 0.46567849359583313
    }
  },
  "baselines": {},
  "n_features": 96,
  "n_train_samples": 1610,
  "n_test_samples": 355,
  "mcnemar_p": null,
  "wilcoxon_p": 4.792400415973525e-26,
  "f1_ci_95": [
    0.5984747389822417,
    0.7011995540119178
  ],
  "r2_ci_95": [
    0.3652092021012847,
    0.5592673938188834
  ],
  "n_bootstrap": 1000
}